id,name,population,whostandard,natstandard,pm1998,pm1999,pm2000,pm2001,pm2002,pm2003,pm2004,pm2005,pm2006,pm2007,pm2008,pm2009,pm2010,pm2011,pm2012,pm2013,pm2014,pm2015,pm2016,pm2017,pm2018,pm2019,pm2020,pm2021,pm2022,who1998,who1999,who2000,who2001,who2002,who2003,who2004,who2005,who2006,who2007,who2008,who2009,who2010,who2011,who2012,who2013,who2014,who2015,who2016,who2017,who2018,who2019,who2020,who2021,who2022,nat1998,nat1999,nat2000,nat2001,nat2002,nat2003,nat2004,nat2005,nat2006,nat2007,nat2008,nat2009,nat2010,nat2011,nat2012,nat2013,nat2014,nat2015,nat2016,nat2017,nat2018,nat2019,nat2020,nat2021,nat2022
ALA,Åland,27385,5,NA,6.76,7.14,5.9,5.31,6.18,5.94,6.13,6.53,7.05,5.51,5.99,5.5,5.93,5.03,4.9,4.73,6.24,4.14,3.93,3.48,4.59,4.32,4.23,4.97,3.97,0.17,0.21,0.09,0.03,0.12,0.09,0.11,0.15,0.2,0.05,0.1,0.05,0.09,0,0,0,0.12,0,0,0,0,0,0,0,0,NA,NA,NA,NA,NA,NA,NA,NA,NA,NA,NA,NA,NA,NA,NA,NA,NA,NA,NA,NA,NA,NA,NA,NA,NA
AFG,Afghanistan,38341695,5,35,10.7,10.43,11.85,13.84,14.62,14.27,12.44,14.12,15.22,14.07,15.61,15.13,15.74,19.08,15.19,14.33,14.58,15.01,15.39,14.72,14.49,15.78,16.03,17.2,16.98,0.56,0.53,0.67,0.87,0.94,0.91,0.73,0.89,1,0.89,1.04,0.99,1.05,1.38,1,0.91,0.94,0.98,1.02,0.95,0.93,1.06,1.08,1.2,1.17,0,0,0,0,0,0,0,0,0,0,0,0,0,0,0,0,0,0,0,0,0,0,0,0,0
XAD,Akrotiri and Dhekelia,24062,5,NA,11.25,11.44,13.1,12.04,10.38,10.51,9.8,10.76,10.81,11.51,11.1,12.17,10.51,15.77,16.97,11.56,11.16,11.12,10.66,10.98,9.73,9.75,11.5,10.55,13.42,0.61,0.63,0.79,0.69,0.53,0.54,0.47,0.56,0.57,0.64,0.6,0.7,0.54,1.06,1.17,0.64,0.6,0.6,0.55,0.59,0.46,0.47,0.64,0.54,0.83,NA,NA,NA,NA,NA,NA,NA,NA,NA,NA,NA,NA,NA,NA,NA,NA,NA,NA,NA,NA,NA,NA,NA,NA,NA
ALB,Albania,3087971,5,10,16,14.22,16.78,15.61,16.61,19.18,14.45,16.41,18.44,17.28,14.53,13.89,10.99,18.93,15.97,13.88,11.54,14.88,12.51,13.89,13.65,13.02,12.83,11.97,12.6,1.08,0.9,1.15,1.04,1.14,1.39,0.93,1.12,1.32,1.2,0.93,0.87,0.59,1.37,1.08,0.87,0.64,0.97,0.74,0.87,0.85,0.79,0.77,0.68,0.74,0.59,0.41,0.66,0.55,0.65,0.9,0.44,0.63,0.83,0.71,0.44,0.38,0.1,0.88,0.59,0.38,0.15,0.48,0.25,0.38,0.36,0.3,0.28,0.19,0.25
DZA,Algeria,44081508,5,NA,6.38,5.71,6.15,6.22,6.24,7.78,5.46,6.94,6.93,6.95,5.78,6.63,5.39,6.96,6.69,6.46,5.36,6.89,5.56,6.44,6.17,6.12,5.67,5.72,6.14,0.14,0.07,0.11,0.12,0.12,0.27,0.05,0.19,0.19,0.19,0.08,0.16,0.04,0.19,0.17,0.14,0.04,0.19,0.05,0.14,0.11,0.11,0.07,0.07,0.11,NA,NA,NA,NA,NA,NA,NA,NA,NA,NA,NA,NA,NA,NA,NA,NA,NA,NA,NA,NA,NA,NA,NA,NA,NA
ASM,American Samoa,42424,5,9,0.8,0.84,1.1,1.04,1.2,1.2,1,1.5,1.2,1.4,1.1,1.3,1,0.96,1.16,1.16,1.3,1.5,1.26,1.36,1.36,1.3,1.16,1,1.4,0,0,0,0,0,0,0,0,0,0,0,0,0,0,0,0,0,0,0,0,0,0,0,0,0,0,0,0,0,0,0,0,0,0,0,0,0,0,0,0,0,0,0,0,0,0,0,0,0,0
AND,Andorra,85550,5,25,8.71,8.3,9.32,9.92,9.97,10.74,9.72,9.93,9.59,9.78,8.48,9.21,9.67,9.17,8.42,7.85,6.95,7.94,7.01,7.52,7.78,6.56,6.76,6.89,8.72,0.36,0.32,0.42,0.48,0.49,0.56,0.46,0.48,0.45,0.47,0.34,0.41,0.46,0.41,0.34,0.28,0.19,0.29,0.2,0.25,0.27,0.15,0.17,0.19,0.36,0,0,0,0,0,0,0,0,0,0,0,0,0,0,0,0,0,0,0,0,0,0,0,0,0
AGO,Angola,34602281,5,NA,18.26,15.33,17.32,21.68,19.12,18.2,18.52,21.63,16.35,19.86,21.44,19.26,23.64,20.41,20.04,20.81,17.83,19.97,19.78,16.98,18.65,20.79,17.99,17.32,21.07,1.3,1.01,1.21,1.63,1.38,1.29,1.32,1.63,1.11,1.46,1.61,1.4,1.83,1.51,1.47,1.55,1.26,1.47,1.45,1.17,1.34,1.55,1.27,1.21,1.57,NA,NA,NA,NA,NA,NA,NA,NA,NA,NA,NA,NA,NA,NA,NA,NA,NA,NA,NA,NA,NA,NA,NA,NA,NA
AIA,Anguilla,17147,5,NA,2.37,3.04,2.56,2.77,2.1,2.32,2.07,2.89,2.53,2.21,2.04,2.16,3.12,2,2.49,1.77,1.82,1.75,2.03,2.16,1.93,2,2.09,2.15,1.72,0,0,0,0,0,0,0,0,0,0,0,0,0,0,0,0,0,0,0,0,0,0,0,0,0,NA,NA,NA,NA,NA,NA,NA,NA,NA,NA,NA,NA,NA,NA,NA,NA,NA,NA,NA,NA,NA,NA,NA,NA,NA
ATG,Antigua and Barbuda,94964,5,NA,2.32,2.61,2.36,2.45,1.98,2.24,2.16,2.65,2.45,2,1.99,2.27,2.96,2.16,2.26,1.77,1.78,1.83,2.08,2.07,2.07,2.16,1.98,2.27,1.79,0,0,0,0,0,0,0,0,0,0,0,0,0,0,0,0,0,0,0,0,0,0,0,0,0,NA,NA,NA,NA,NA,NA,NA,NA,NA,NA,NA,NA,NA,NA,NA,NA,NA,NA,NA,NA,NA,NA,NA,NA,NA
ARG,Argentina,46266318,5,NA,11.39,12.78,12.1,12,12.78,12.45,12.25,11.32,12.34,12.66,12.71,11.15,10.75,11.69,10.82,11.07,10.89,10.83,11.3,10.61,10.74,11.38,12.52,11.19,12.44,0.63,0.76,0.7,0.69,0.76,0.73,0.71,0.62,0.72,0.75,0.76,0.6,0.56,0.66,0.57,0.59,0.58,0.57,0.62,0.55,0.56,0.63,0.74,0.61,0.73,NA,NA,NA,NA,NA,NA,NA,NA,NA,NA,NA,NA,NA,NA,NA,NA,NA,NA,NA,NA,NA,NA,NA,NA,NA
ARM,Armenia,3008891,5,NA,15.76,15.51,17.38,14.79,17.81,15.62,15.07,16.8,16.13,16.58,18.16,16.29,15.85,19.05,18.79,18.13,17.93,19,16.93,18.94,18,20.14,18.11,19.07,19.51,1.05,1.03,1.21,0.96,1.26,1.04,0.99,1.16,1.09,1.13,1.29,1.11,1.06,1.38,1.35,1.29,1.27,1.37,1.17,1.37,1.27,1.48,1.28,1.38,1.42,NA,NA,NA,NA,NA,NA,NA,NA,NA,NA,NA,NA,NA,NA,NA,NA,NA,NA,NA,NA,NA,NA,NA,NA,NA
ABW,Aruba,115969,5,NA,2.7,3.8,3,3.1,3,3.6,3.6,4.1,3.6,3.4,3.9,3.2,4.8,4,3.6,3.3,2.7,2.7,3.4,3.5,3,3.6,3.5,3.2,3.4,0,0,0,0,0,0,0,0,0,0,0,0,0,0,0,0,0,0,0,0,0,0,0,0,0,NA,NA,NA,NA,NA,NA,NA,NA,NA,NA,NA,NA,NA,NA,NA,NA,NA,NA,NA,NA,NA,NA,NA,NA,NA
AUS,Australia,25766691,5,8,3.54,3.69,3.51,4.06,4.26,5.09,3.73,3.37,4.62,3.74,3.24,4.7,3.46,3.61,3.44,3.9,4.08,3.8,3.52,3.69,3.61,6.86,4.44,3.39,3.36,0,0,0,0,0,0.01,0,0,0,0,0,0,0,0,0,0,0,0,0,0,0,0.18,0,0,0,0,0,0,0,0,0,0,0,0,0,0,0,0,0,0,0,0,0,0,0,0,0,0,0,0
AUT,Austria,8913920,5,10,16.12,15.77,14.99,16.62,18.19,18.04,15.52,18.24,18.62,13.83,13.29,14.65,16.03,15.91,13.18,14.59,12.46,12.64,11.91,12.23,12.7,9.89,9.73,9.99,9.52,1.09,1.06,0.98,1.14,1.29,1.28,1.03,1.3,1.33,0.87,0.81,0.95,1.08,1.07,0.8,0.94,0.73,0.75,0.68,0.71,0.75,0.48,0.46,0.49,0.44,0.6,0.57,0.49,0.65,0.8,0.79,0.54,0.81,0.84,0.38,0.32,0.46,0.59,0.58,0.31,0.45,0.24,0.26,0.19,0.22,0.26,0,0,0,0
AZE,Azerbaijan,10276210,5,NA,15.3,14.94,13.82,11.11,12.32,11.69,11.07,12.14,12.44,12.2,12.03,11.55,11.92,12.14,12.68,11.18,11.49,11.16,11.33,12.53,10.03,12.89,11.17,11.7,11.87,1.01,0.97,0.86,0.6,0.72,0.66,0.59,0.7,0.73,0.71,0.69,0.64,0.68,0.7,0.75,0.61,0.64,0.6,0.62,0.74,0.49,0.77,0.6,0.66,0.67,NA,NA,NA,NA,NA,NA,NA,NA,NA,NA,NA,NA,NA,NA,NA,NA,NA,NA,NA,NA,NA,NA,NA,NA,NA
BHS,Bahamas,333580,5,NA,6.89,5.3,4.67,4.03,3.92,4.07,4.11,4.6,4.57,3.96,3.16,3.37,3.94,4,3.44,2.95,3.04,2.86,3.25,3.42,2.92,2.95,2.93,3.43,3.11,0.19,0.03,0,0,0,0,0,0,0,0,0,0,0,0,0,0,0,0,0,0,0,0,0,0,0,NA,NA,NA,NA,NA,NA,NA,NA,NA,NA,NA,NA,NA,NA,NA,NA,NA,NA,NA,NA,NA,NA,NA,NA,NA
BHR,Bahrain,1379922,5,25,15.28,15.02,17.94,14.29,15.1,14.06,13.92,14.68,16.74,15.99,17.87,19.72,20.18,19.04,20.67,18.44,19.05,18.97,18.37,22.04,20.91,20.52,17.97,18.86,22.75,1.01,0.98,1.27,0.91,0.99,0.89,0.87,0.95,1.15,1.08,1.26,1.44,1.49,1.38,1.54,1.32,1.38,1.37,1.31,1.67,1.56,1.52,1.27,1.36,1.74,0,0,0,0,0,0,0,0,0,0,0,0,0,0,0,0,0,0,0,0,0,0,0,0,0
BGD,Bangladesh,166358337,5,35,42.34,42.97,47.84,49.83,50.05,51.42,51.02,55.98,59.72,57.84,60.77,67.18,64,65.35,67.78,61.62,64.93,62,61.4,60.19,74.51,63.35,69.3,69.74,54.17,3.66,3.72,4.2,4.39,4.41,4.55,4.51,5,5.36,5.18,5.47,6.09,5.78,5.91,6.15,5.55,5.87,5.59,5.53,5.41,6.81,5.72,6.3,6.34,4.82,0.72,0.78,1.26,1.45,1.47,1.61,1.57,2.06,2.42,2.24,2.53,3.15,2.84,2.97,3.21,2.61,2.93,2.65,2.59,2.47,3.87,2.78,3.36,3.4,1.88
BRB,Barbados,297472,5,10,1.87,2.29,2,2.44,2.05,2.21,2.05,2.27,2.16,2.06,2.08,2.38,2.79,2.07,2.34,1.95,1.78,1.87,2.1,2.34,2.14,2.09,2.17,2.28,2,0,0,0,0,0,0,0,0,0,0,0,0,0,0,0,0,0,0,0,0,0,0,0,0,0,0,0,0,0,0,0,0,0,0,0,0,0,0,0,0,0,0,0,0,0,0,0,0,0,0
BLR,Belarus,9413449,5,15,17.62,18.08,16.3,16.6,20.81,16.29,16.33,15.66,16.44,14.94,16.11,17.32,18.53,16.15,15.71,16.43,16.25,14.33,13.63,13.68,14.18,12.08,11.37,12.68,9.84,1.24,1.28,1.11,1.14,1.55,1.11,1.11,1.04,1.12,0.97,1.09,1.21,1.33,1.09,1.05,1.12,1.1,0.91,0.85,0.85,0.9,0.69,0.62,0.75,0.47,0.26,0.3,0.13,0.16,0.57,0.13,0.13,0.06,0.14,0,0.11,0.23,0.35,0.11,0.07,0.14,0.12,0,0,0,0,0,0,0,0
BEL,Belgium,11846135,5,10,15.61,14.52,13.38,13.32,13.62,15.79,13.94,13.23,14.45,16.72,15.36,16.4,16.34,15.59,13.73,14.8,11.84,11.45,11.36,10.97,11.34,9.54,8.3,10.08,8.82,1.04,0.93,0.82,0.82,0.84,1.06,0.88,0.81,0.93,1.15,1.02,1.12,1.11,1.04,0.86,0.96,0.67,0.63,0.62,0.59,0.62,0.44,0.32,0.5,0.37,0.55,0.44,0.33,0.33,0.35,0.57,0.39,0.32,0.44,0.66,0.53,0.63,0.62,0.55,0.37,0.47,0.18,0.14,0.13,0.1,0.13,0,0,0.01,0
BLZ,Belize,395596,5,NA,14.92,10.38,10.64,12.02,11.52,14.2,10.47,15.01,11.85,12.4,10.98,10.24,11.3,13.82,9.43,11.71,10.24,10.01,9.17,9.95,9.65,10.1,13.36,9.93,9.89,0.97,0.53,0.55,0.69,0.64,0.9,0.54,0.98,0.67,0.73,0.59,0.51,0.62,0.86,0.43,0.66,0.51,0.49,0.41,0.49,0.46,0.5,0.82,0.48,0.48,NA,NA,NA,NA,NA,NA,NA,NA,NA,NA,NA,NA,NA,NA,NA,NA,NA,NA,NA,NA,NA,NA,NA,NA,NA
BEN,Benin,13725762,5,NA,15.25,13.52,15.89,17,16.82,17.3,19.71,19.86,17.17,18.65,19.23,18.01,18.88,18,17.76,16.18,15.64,17.4,17.88,17.63,17.31,17,19.02,17.66,17.31,1,0.83,1.07,1.18,1.16,1.21,1.44,1.46,1.19,1.34,1.39,1.27,1.36,1.27,1.25,1.1,1.04,1.22,1.26,1.24,1.21,1.18,1.37,1.24,1.21,NA,NA,NA,NA,NA,NA,NA,NA,NA,NA,NA,NA,NA,NA,NA,NA,NA,NA,NA,NA,NA,NA,NA,NA,NA
BMU,Bermuda,66281,5,NA,5.28,4.39,4.9,4.59,4.24,4.15,4.27,4.45,4.03,4.61,3.84,3.35,3.58,3.69,3.76,3.36,3.55,3.12,3,3.02,2.66,2.8,3.09,3.18,2.8,0.03,0,0,0,0,0,0,0,0,0,0,0,0,0,0,0,0,0,0,0,0,0,0,0,0,NA,NA,NA,NA,NA,NA,NA,NA,NA,NA,NA,NA,NA,NA,NA,NA,NA,NA,NA,NA,NA,NA,NA,NA,NA
BTN,Bhutan,870112,5,NA,17.25,17.97,22.63,25.68,25.13,26.28,26.22,26.72,27.77,26.88,28.35,32.83,28.04,29.64,29.49,26.28,30.31,30.88,28.47,28.14,30.39,29.28,29.56,29.7,22.78,1.2,1.27,1.73,2.03,1.97,2.09,2.08,2.13,2.23,2.14,2.29,2.73,2.26,2.41,2.4,2.09,2.48,2.54,2.3,2.27,2.49,2.38,2.41,2.42,1.74,NA,NA,NA,NA,NA,NA,NA,NA,NA,NA,NA,NA,NA,NA,NA,NA,NA,NA,NA,NA,NA,NA,NA,NA,NA
BOL,Bolivia,12054370,5,NA,26.37,26.71,24.71,26.47,29.02,28.85,33.06,32.4,28.56,33.72,28.08,25.83,36.92,29.23,25.51,23.72,25.16,26.1,27.36,26.77,25.7,27.92,30.36,27.45,29.63,2.09,2.13,1.93,2.1,2.35,2.34,2.75,2.69,2.31,2.81,2.26,2.04,3.13,2.37,2.01,1.83,1.98,2.07,2.19,2.13,2.03,2.25,2.49,2.2,2.41,NA,NA,NA,NA,NA,NA,NA,NA,NA,NA,NA,NA,NA,NA,NA,NA,NA,NA,NA,NA,NA,NA,NA,NA,NA
BES,Bonaire Sint Eustatius and Saba,22934,5,NA,2.93,3.49,3.01,3.21,2.84,3.28,3.22,3.92,3.43,3.34,3.62,3.26,4.74,3.63,3.57,3.02,2.77,2.67,3.41,3.42,2.88,3.47,3.28,3.12,3.29,0,0,0,0,0,0,0,0,0,0,0,0,0,0,0,0,0,0,0,0,0,0,0,0,0,NA,NA,NA,NA,NA,NA,NA,NA,NA,NA,NA,NA,NA,NA,NA,NA,NA,NA,NA,NA,NA,NA,NA,NA,NA
BIH,Bosnia and Herzegovina,3806498,5,20,28.31,26.69,26.51,28.55,29.38,31.1,27.96,30.5,31.21,27.9,26.61,27.72,27.98,32.95,28.95,26.19,24.04,29.49,28.35,27.49,26.63,22.77,25.1,22.92,23.93,2.28,2.13,2.11,2.31,2.39,2.56,2.25,2.5,2.57,2.24,2.12,2.23,2.25,2.74,2.35,2.08,1.87,2.4,2.29,2.2,2.12,1.74,1.97,1.76,1.86,0.81,0.66,0.64,0.84,0.92,1.09,0.78,1.03,1.1,0.77,0.65,0.76,0.78,1.27,0.88,0.61,0.4,0.93,0.82,0.73,0.65,0.27,0.5,0.29,0.39
BWA,Botswana,2384063,5,NA,15.94,15.2,13.23,16.22,15.18,16.32,14.27,17.77,13.35,14.75,15.38,14.7,18.29,13.9,15.14,14.79,11.45,15.01,13.65,12.74,14.63,13.53,11.85,12.69,12.47,1.07,1,0.81,1.1,1,1.11,0.91,1.25,0.82,0.96,1.02,0.95,1.3,0.87,0.99,0.96,0.63,0.98,0.85,0.76,0.94,0.84,0.67,0.75,0.73,NA,NA,NA,NA,NA,NA,NA,NA,NA,NA,NA,NA,NA,NA,NA,NA,NA,NA,NA,NA,NA,NA,NA,NA,NA
BVT,Bouvet Island,NA,5,5,NA,NA,NA,NA,NA,NA,NA,NA,NA,NA,NA,NA,NA,NA,NA,NA,NA,NA,NA,NA,NA,NA,NA,NA,NA,NA,NA,NA,NA,NA,NA,NA,NA,NA,NA,NA,NA,NA,NA,NA,NA,NA,NA,NA,NA,NA,NA,NA,NA,NA,NA,NA,NA,NA,NA,NA,NA,NA,NA,NA,NA,NA,NA,NA,NA,NA,NA,NA,NA,NA,NA,NA,NA,NA,NA
BRA,Brazil,216878372,5,10,9.89,9,9.72,11.61,12.4,12.48,12.53,12.51,12.17,13.06,12.28,12.19,12.39,11.84,11,10.57,10.61,11.45,11.07,10.88,10.83,11.08,11.01,11.25,12.06,0.48,0.39,0.46,0.65,0.73,0.73,0.74,0.74,0.7,0.79,0.71,0.7,0.72,0.67,0.59,0.55,0.55,0.63,0.59,0.58,0.57,0.6,0.59,0.61,0.69,0,0,0,0.16,0.24,0.24,0.25,0.25,0.21,0.3,0.22,0.21,0.23,0.18,0.1,0.06,0.06,0.14,0.1,0.09,0.08,0.11,0.1,0.12,0.2
IOT,British Indian Ocean Territory,NA,5,NA,NA,NA,NA,NA,NA,NA,NA,NA,NA,NA,NA,NA,NA,NA,NA,NA,NA,NA,NA,NA,NA,NA,NA,NA,NA,NA,NA,NA,NA,NA,NA,NA,NA,NA,NA,NA,NA,NA,NA,NA,NA,NA,NA,NA,NA,NA,NA,NA,NA,NA,NA,NA,NA,NA,NA,NA,NA,NA,NA,NA,NA,NA,NA,NA,NA,NA,NA,NA,NA,NA,NA,NA,NA,NA,NA
VGB,British Virgin Islands,33469,5,NA,2.08,2.78,2.08,2.18,1.75,1.85,1.55,2.38,2.35,2.05,1.75,1.85,2.96,1.72,2.03,1.72,1.72,1.63,1.83,2.23,1.82,1.82,1.92,2.02,1.52,0,0,0,0,0,0,0,0,0,0,0,0,0,0,0,0,0,0,0,0,0,0,0,0,0,NA,NA,NA,NA,NA,NA,NA,NA,NA,NA,NA,NA,NA,NA,NA,NA,NA,NA,NA,NA,NA,NA,NA,NA,NA
BRN,Brunei,470745,5,NA,14.26,5.34,5.29,5.65,10.46,7.69,9.74,8.32,11.22,6.61,5.98,13.14,7,8.36,8.46,7.14,7.91,12.02,8.4,5.44,7.47,10.72,5.94,6.35,6.33,0.91,0.03,0.03,0.06,0.54,0.26,0.46,0.33,0.61,0.16,0.1,0.8,0.2,0.33,0.34,0.21,0.29,0.69,0.33,0.04,0.24,0.56,0.09,0.13,0.13,NA,NA,NA,NA,NA,NA,NA,NA,NA,NA,NA,NA,NA,NA,NA,NA,NA,NA,NA,NA,NA,NA,NA,NA,NA
BGR,Bulgaria,6867646,5,10,26.39,23.52,25.19,25.94,26.22,27.27,23.3,25.57,28.11,25.73,23.89,21.33,18.6,29,23.33,20.4,20.34,19.09,18.52,19.57,19.25,18.28,18.04,17.24,18.86,2.1,1.81,1.98,2.05,2.08,2.18,1.79,2.02,2.26,2.03,1.85,1.6,1.33,2.35,1.8,1.51,1.5,1.38,1.32,1.43,1.4,1.3,1.28,1.2,1.36,1.61,1.32,1.49,1.56,1.59,1.69,1.3,1.53,1.77,1.54,1.36,1.11,0.84,1.86,1.31,1.02,1.01,0.89,0.83,0.94,0.91,0.81,0.79,0.71,0.87
BFA,Burkina Faso,21914677,5,NA,8.1,7.19,8.22,7.72,7.81,8.95,9.69,10,9.15,9.73,9.16,10,11.22,9.71,9.72,8.65,9.55,9.56,9.01,9.42,9.41,8.92,8.59,9.22,8.66,0.3,0.21,0.32,0.27,0.28,0.39,0.46,0.49,0.41,0.46,0.41,0.49,0.61,0.46,0.46,0.36,0.45,0.45,0.39,0.43,0.43,0.38,0.35,0.41,0.36,NA,NA,NA,NA,NA,NA,NA,NA,NA,NA,NA,NA,NA,NA,NA,NA,NA,NA,NA,NA,NA,NA,NA,NA,NA
BDI,Burundi,12697469,5,NA,28.32,19.81,32.59,40.56,34.68,31.82,36.5,37.57,31.22,40.69,38.62,35.11,38.25,38.62,37.93,38.9,34.47,37,36.69,30.72,29.99,37.8,35.85,34.65,34.04,2.29,1.45,2.7,3.48,2.91,2.63,3.09,3.19,2.57,3.5,3.29,2.95,3.26,3.29,3.23,3.32,2.89,3.14,3.11,2.52,2.45,3.21,3.02,2.91,2.85,NA,NA,NA,NA,NA,NA,NA,NA,NA,NA,NA,NA,NA,NA,NA,NA,NA,NA,NA,NA,NA,NA,NA,NA,NA
CIV,Côte d'Ivoire,28622030,5,NA,10.74,9.36,11,12.06,11.71,12.36,12.88,13.27,12.32,12.35,12.91,12.61,12.2,12.43,10.48,10.09,10.05,10.82,11.11,10.32,10.2,10.42,10.7,10.45,10.45,0.56,0.43,0.59,0.69,0.66,0.72,0.77,0.81,0.72,0.72,0.78,0.75,0.71,0.73,0.54,0.5,0.49,0.57,0.6,0.52,0.51,0.53,0.56,0.53,0.53,NA,NA,NA,NA,NA,NA,NA,NA,NA,NA,NA,NA,NA,NA,NA,NA,NA,NA,NA,NA,NA,NA,NA,NA,NA
CPV,Cabo Verde,561328,5,NA,3.08,3.05,2.77,2.36,2.06,2.49,2.11,2.47,2.28,2.31,2.3,2.16,2.46,1.94,2.21,2.17,1.83,2.25,1.99,2.17,2.25,2.07,2.11,2.65,2.18,0,0,0,0,0,0,0,0,0,0,0,0,0,0,0,0,0,0,0,0,0,0,0,0,0,NA,NA,NA,NA,NA,NA,NA,NA,NA,NA,NA,NA,NA,NA,NA,NA,NA,NA,NA,NA,NA,NA,NA,NA,NA
KHM,Cambodia,16701354,5,25,13,12.61,15.43,16.18,16.47,18.07,19.76,19.99,17.75,20.28,19.75,17.18,18.68,18.63,15.23,18.72,16.84,15.69,16.49,15.78,18.25,16.62,18.99,17.74,16.94,0.78,0.75,1.02,1.1,1.12,1.28,1.45,1.47,1.25,1.5,1.45,1.19,1.34,1.34,1,1.34,1.16,1.05,1.13,1.06,1.3,1.14,1.37,1.25,1.17,0,0,0,0,0,0,0,0,0,0,0,0,0,0,0,0,0,0,0,0,0,0,0,0,0
CMR,Cameroon,29372500,5,NA,30.86,28.6,30.07,32.29,31.5,30.76,32.46,31.74,29.68,31.04,33.89,32.2,33.66,32.09,32.73,32.88,30.95,30.65,33.46,34.05,33.62,32.39,33.4,33.08,32.58,2.53,2.31,2.46,2.67,2.6,2.52,2.69,2.62,2.42,2.55,2.83,2.67,2.81,2.65,2.72,2.73,2.54,2.51,2.79,2.85,2.8,2.68,2.78,2.75,2.7,NA,NA,NA,NA,NA,NA,NA,NA,NA,NA,NA,NA,NA,NA,NA,NA,NA,NA,NA,NA,NA,NA,NA,NA,NA
CAN,Canada,37594104,5,8.8,9.03,8.29,8.05,8.18,8.29,8.55,7.97,8.78,7.82,7.63,7.48,7,6.84,7.04,6.59,6.84,7.15,7.07,5.85,6.65,6.85,6.12,5.69,7.51,6.04,0.39,0.32,0.3,0.31,0.32,0.35,0.29,0.37,0.28,0.26,0.24,0.2,0.18,0.2,0.16,0.18,0.21,0.2,0.08,0.16,0.18,0.11,0.07,0.25,0.1,0.02,0,0,0,0,0,0,0,0,0,0,0,0,0,0,0,0,0,0,0,0,0,0,0,0
CYM,Cayman Islands,58915,5,NA,7.87,7.02,6.68,6.06,7.38,7.05,6.2,6.68,7.17,6.93,6.38,7.27,6.11,7.75,6.59,6.68,7.54,7.2,6.26,6.27,7.61,8.15,7.25,8.38,8,0.28,0.2,0.16,0.1,0.23,0.2,0.12,0.16,0.21,0.19,0.14,0.22,0.11,0.27,0.16,0.16,0.25,0.22,0.12,0.12,0.26,0.31,0.22,0.33,0.29,NA,NA,NA,NA,NA,NA,NA,NA,NA,NA,NA,NA,NA,NA,NA,NA,NA,NA,NA,NA,NA,NA,NA,NA,NA
CAF,Central African Republic,5499232,5,NA,29.04,26.22,29.44,24.37,25.15,26.7,27.4,24.99,24.04,25.9,26.57,28.27,28.42,29.71,28.02,29.18,26.87,27.1,27.73,27.16,28.7,26.96,28.43,26.67,24.99,2.36,2.08,2.4,1.9,1.97,2.13,2.2,1.96,1.87,2.05,2.11,2.28,2.3,2.42,2.26,2.37,2.14,2.17,2.23,2.17,2.32,2.15,2.3,2.12,1.96,NA,NA,NA,NA,NA,NA,NA,NA,NA,NA,NA,NA,NA,NA,NA,NA,NA,NA,NA,NA,NA,NA,NA,NA,NA
TCD,Chad,17996421,5,NA,12.51,11.32,11.68,10.86,11.54,11.87,12.58,11.95,12.25,12.26,12.03,12.06,13.6,12.75,13.12,11.73,12.16,13.02,12.96,13.4,12.94,12.84,12.9,12.64,11.27,0.74,0.62,0.65,0.57,0.64,0.67,0.74,0.68,0.71,0.71,0.69,0.69,0.84,0.76,0.8,0.66,0.7,0.79,0.78,0.82,0.78,0.77,0.77,0.75,0.61,NA,NA,NA,NA,NA,NA,NA,NA,NA,NA,NA,NA,NA,NA,NA,NA,NA,NA,NA,NA,NA,NA,NA,NA,NA
CHL,Chile,18102806,5,20,14.33,16.13,15.15,15.49,15.28,15.29,15.85,15.35,15.92,16.85,17.8,16.26,16.29,17.99,16.39,16.44,16.9,17.52,18.46,16.92,16.2,15.83,14.91,17.68,22.84,0.91,1.09,0.99,1.03,1.01,1.01,1.06,1.01,1.07,1.16,1.25,1.1,1.11,1.27,1.12,1.12,1.17,1.23,1.32,1.17,1.1,1.06,0.97,1.24,1.75,0,0,0,0,0,0,0,0,0,0,0,0,0,0,0,0,0,0,0,0,0,0,0,0,0.28
CHN,China,1415126381,5,35,29.61,28.77,33.1,34.82,37.28,42.77,41.37,44.56,47.73,48.21,47.25,45.13,44.1,49.79,45.39,47.84,48.51,45.7,42.32,39.76,35.07,34.51,31.43,29.2,28.18,2.41,2.33,2.75,2.92,3.16,3.7,3.56,3.88,4.19,4.23,4.14,3.93,3.83,4.39,3.96,4.2,4.26,3.99,3.66,3.41,2.95,2.89,2.59,2.37,2.27,0,0,0,0,0.22,0.76,0.62,0.94,1.25,1.29,1.2,0.99,0.89,1.45,1.02,1.26,1.32,1.05,0.72,0.47,0.01,0,0,0,0
CXR,Christmas Island,1362,5,NA,2.6,3.4,2.6,2.9,2.9,2.5,3.1,3,3.3,3.6,2.6,3.4,2.7,2.9,3.7,3.1,4.2,4.2,4.3,3,2.9,3.1,2.8,2.3,2.9,0,0,0,0,0,0,0,0,0,0,0,0,0,0,0,0,0,0,0,0,0,0,0,0,0,NA,NA,NA,NA,NA,NA,NA,NA,NA,NA,NA,NA,NA,NA,NA,NA,NA,NA,NA,NA,NA,NA,NA,NA,NA
XCL,Clipperton Island,NA,5,NA,NA,NA,NA,NA,NA,NA,NA,NA,NA,NA,NA,NA,NA,NA,NA,NA,NA,NA,NA,NA,NA,NA,NA,NA,NA,NA,NA,NA,NA,NA,NA,NA,NA,NA,NA,NA,NA,NA,NA,NA,NA,NA,NA,NA,NA,NA,NA,NA,NA,NA,NA,NA,NA,NA,NA,NA,NA,NA,NA,NA,NA,NA,NA,NA,NA,NA,NA,NA,NA,NA,NA,NA,NA,NA,NA
CCK,Cocos Islands,466,5,NA,1.2,1.6,1.7,1.4,1.6,1.4,1.9,1.6,1.9,2.1,1.5,1.9,1.6,1.9,2.1,1.8,1.9,2.1,1.8,1.8,1.7,1.9,1.5,1.5,1.7,0,0,0,0,0,0,0,0,0,0,0,0,0,0,0,0,0,0,0,0,0,0,0,0,0,NA,NA,NA,NA,NA,NA,NA,NA,NA,NA,NA,NA,NA,NA,NA,NA,NA,NA,NA,NA,NA,NA,NA,NA,NA
COL,Colombia,48809889,5,20,12.74,10.62,13.64,17.55,16.03,18.22,16.31,16.71,16.14,16.57,15.66,16.22,18.19,16.96,15.93,15.6,16.41,16.03,16.87,15.85,15.9,17.14,16.32,13.98,16.23,0.76,0.55,0.85,1.23,1.08,1.3,1.11,1.15,1.09,1.13,1.04,1.1,1.29,1.17,1.07,1.04,1.12,1.08,1.16,1.06,1.07,1.19,1.11,0.88,1.1,0,0,0,0,0,0,0,0,0,0,0,0,0,0,0,0,0,0,0,0,0,0,0,0,0
COM,Comoros,809018,5,NA,5.71,5.65,5.41,5.62,5.16,5.43,4.87,5.91,7.24,7.61,6.39,7.36,7.09,7.08,6.6,7.39,5.13,5.54,5.89,6.48,6.16,6.22,5.94,5.67,6.99,0.07,0.06,0.04,0.06,0.02,0.04,0,0.09,0.22,0.26,0.14,0.23,0.2,0.2,0.16,0.23,0.01,0.05,0.09,0.15,0.11,0.12,0.09,0.07,0.2,NA,NA,NA,NA,NA,NA,NA,NA,NA,NA,NA,NA,NA,NA,NA,NA,NA,NA,NA,NA,NA,NA,NA,NA,NA
COK,Cook Islands,6351,5,NA,0.71,0.85,1.03,0.96,1.14,1.06,1.03,1.16,1.13,0.96,0.94,0.94,0.85,0.83,1.03,0.93,1.04,1.11,0.94,1.03,1.03,1.11,1.13,0.93,1.13,0,0,0,0,0,0,0,0,0,0,0,0,0,0,0,0,0,0,0,0,0,0,0,0,0,NA,NA,NA,NA,NA,NA,NA,NA,NA,NA,NA,NA,NA,NA,NA,NA,NA,NA,NA,NA,NA,NA,NA,NA,NA
CRI,Costa Rica,5176343,5,NA,12.21,8.85,9.19,11.15,9.97,12.19,10.68,12.94,12.59,13.04,12.63,12.35,15.07,14.11,12.5,12.73,11.68,11.5,12.66,13.17,11.56,11.88,12.12,11.9,12.63,0.71,0.38,0.41,0.6,0.49,0.7,0.56,0.78,0.74,0.79,0.75,0.72,0.99,0.89,0.74,0.76,0.65,0.64,0.75,0.8,0.64,0.67,0.7,0.68,0.75,NA,NA,NA,NA,NA,NA,NA,NA,NA,NA,NA,NA,NA,NA,NA,NA,NA,NA,NA,NA,NA,NA,NA,NA,NA
HRV,Croatia,4122935,5,10,20.76,19.08,18.64,21.19,21.52,22.24,19.74,21.63,22.33,17.71,17.39,18.1,18.32,22.28,18.25,17.51,15.13,18.11,17.31,17.06,16.82,13.59,13.98,13.71,14.15,1.54,1.38,1.34,1.59,1.62,1.69,1.44,1.63,1.7,1.25,1.21,1.28,1.31,1.69,1.3,1.23,0.99,1.28,1.21,1.18,1.16,0.84,0.88,0.85,0.9,1.05,0.89,0.85,1.1,1.13,1.2,0.95,1.14,1.21,0.76,0.72,0.79,0.82,1.2,0.81,0.74,0.5,0.79,0.72,0.69,0.67,0.35,0.39,0.36,0.41
CUB,Cuba,10855124,5,NA,8.23,7.5,7.83,7.88,7.9,7.6,7.16,7.51,7.26,6.58,5.63,6.34,6.98,7.31,5.79,5.95,5.87,5.69,5.73,6.09,5.87,6.37,6.34,6.37,6.34,0.32,0.24,0.28,0.28,0.28,0.25,0.21,0.25,0.22,0.15,0.06,0.13,0.19,0.23,0.08,0.09,0.09,0.07,0.07,0.11,0.09,0.13,0.13,0.13,0.13,NA,NA,NA,NA,NA,NA,NA,NA,NA,NA,NA,NA,NA,NA,NA,NA,NA,NA,NA,NA,NA,NA,NA,NA,NA
CUW,Curaçao,148078,5,NA,3.2,4,3.2,3.4,3.3,3.9,4,4.5,3.8,4,4.3,3.6,5.7,4.3,4,3.6,3.1,3,3.9,3.9,3.3,3.9,3.7,3.4,3.7,0,0,0,0,0,0,0,0,0,0,0,0,0.07,0,0,0,0,0,0,0,0,0,0,0,0,NA,NA,NA,NA,NA,NA,NA,NA,NA,NA,NA,NA,NA,NA,NA,NA,NA,NA,NA,NA,NA,NA,NA,NA,NA
CYP,Cyprus,829571,5,10,11.6,11.4,14.17,13.15,11.37,11.54,10.99,11.85,12.1,12.81,12.65,13.58,11.61,17.28,18.75,12.35,12.17,12.21,11.77,11.95,10.65,10.36,12.29,11.24,14.68,0.65,0.63,0.9,0.8,0.62,0.64,0.59,0.67,0.7,0.77,0.75,0.84,0.65,1.2,1.35,0.72,0.7,0.71,0.66,0.68,0.55,0.53,0.71,0.61,0.95,0.16,0.14,0.41,0.31,0.13,0.15,0.1,0.18,0.21,0.28,0.26,0.35,0.16,0.71,0.86,0.23,0.21,0.22,0.17,0.19,0.06,0.04,0.22,0.12,0.46
CZE,Czechia,10700689,5,10,20.6,19.53,19.05,21.23,23.21,22.27,19.93,22.12,22.46,16.33,16.13,18.24,20.92,19.44,17.29,18.17,17.32,15.8,15.68,15.57,16.23,12.25,12.08,13.08,11.49,1.53,1.42,1.38,1.59,1.78,1.69,1.46,1.68,1.71,1.11,1.09,1.3,1.56,1.42,1.2,1.29,1.21,1.06,1.05,1.04,1.1,0.71,0.69,0.79,0.64,1.04,0.93,0.89,1.1,1.29,1.2,0.97,1.19,1.22,0.62,0.6,0.81,1.07,0.93,0.71,0.8,0.72,0.57,0.56,0.55,0.61,0.22,0.2,0.3,0.15
COD,Democratic Republic of the Congo,108370944,5,NA,33.67,24.67,32.43,36.39,36.15,33.65,35.56,36.34,30.57,33.12,35.34,34.72,38.31,35.61,37.88,39.17,34.71,37.51,35.18,31.18,32.02,35.36,34.92,35.04,34.71,2.81,1.93,2.69,3.08,3.05,2.81,2.99,3.07,2.51,2.76,2.97,2.91,3.26,3,3.22,3.35,2.91,3.19,2.96,2.57,2.65,2.98,2.93,2.94,2.91,NA,NA,NA,NA,NA,NA,NA,NA,NA,NA,NA,NA,NA,NA,NA,NA,NA,NA,NA,NA,NA,NA,NA,NA,NA
DNK,Denmark,5828515,5,10,12.02,12.03,12.07,10.91,11.81,13.05,9.5,9.86,10.89,9.59,9.3,10.45,10.67,12.3,8.78,8.28,10.09,8.2,7.91,7.68,9.35,8.1,6.7,7.31,7.08,0.69,0.69,0.69,0.58,0.67,0.79,0.44,0.48,0.58,0.45,0.42,0.53,0.56,0.72,0.37,0.32,0.5,0.31,0.29,0.26,0.43,0.3,0.17,0.23,0.2,0.2,0.2,0.2,0.09,0.18,0.3,0,0,0.09,0,0,0.04,0.07,0.23,0,0,0.01,0,0,0,0,0,0,0,0
DJI,Djibouti,940715,5,NA,12.98,15.51,16.39,14.28,16.06,15.82,15.87,16.85,17.65,18.41,16.83,17.21,19.77,21.09,19.31,18.36,18.29,19.61,18.46,20.04,20.14,20.43,18.26,17.91,18.43,0.78,1.03,1.12,0.91,1.08,1.06,1.07,1.16,1.24,1.31,1.16,1.2,1.45,1.58,1.4,1.31,1.3,1.43,1.32,1.47,1.48,1.51,1.3,1.27,1.32,NA,NA,NA,NA,NA,NA,NA,NA,NA,NA,NA,NA,NA,NA,NA,NA,NA,NA,NA,NA,NA,NA,NA,NA,NA
DMA,Dominica,67484,5,NA,2.13,2.95,2.32,2.73,2.11,2.5,2.52,2.96,2.86,2.37,2.35,2.51,3.37,2.59,2.49,2.06,1.92,2,2.52,2.53,2.46,2.45,2.47,2.6,2.34,0,0,0,0,0,0,0,0,0,0,0,0,0,0,0,0,0,0,0,0,0,0,0,0,0,NA,NA,NA,NA,NA,NA,NA,NA,NA,NA,NA,NA,NA,NA,NA,NA,NA,NA,NA,NA,NA,NA,NA,NA,NA
DOM,Dominican Republic,10626662,5,15,6.81,6.69,6.48,8.18,7.59,8.43,6.81,9.16,8.12,7.9,7.08,7.46,8.91,7.76,6.9,7.01,7.73,7.27,7.94,8.49,8.18,8.41,7.5,8.13,7.86,0.18,0.17,0.15,0.31,0.25,0.34,0.18,0.41,0.31,0.28,0.2,0.24,0.38,0.27,0.19,0.2,0.27,0.22,0.29,0.34,0.31,0.33,0.24,0.31,0.28,0,0,0,0,0,0,0,0,0,0,0,0,0,0,0,0,0,0,0,0,0,0,0,0,0
ECU,Ecuador,17258177,5,15,10.88,10.77,13.45,16.15,16.38,16.8,17.75,19.11,17.67,17.69,18.02,17.59,19.84,17.74,16.84,16.68,16.48,16.89,17.45,16.84,17.31,17.31,17.27,17.05,18.32,0.58,0.57,0.83,1.09,1.12,1.16,1.25,1.38,1.24,1.24,1.28,1.23,1.45,1.25,1.16,1.14,1.13,1.17,1.22,1.16,1.21,1.21,1.2,1.18,1.31,0,0,0,0.11,0.14,0.18,0.27,0.4,0.26,0.26,0.3,0.25,0.47,0.27,0.18,0.16,0.15,0.19,0.24,0.18,0.23,0.23,0.22,0.2,0.33
EGY,Egypt,107577572,5,50,17.16,17.87,20.62,17.43,15.43,15.27,14.99,15.54,17.86,16.79,16.53,15.87,14.65,18.2,19.37,16.18,16.83,18.34,17.75,19.37,17.17,16.28,18.76,18.01,19.16,1.19,1.26,1.53,1.22,1.02,1.01,0.98,1.03,1.26,1.16,1.13,1.07,0.95,1.29,1.41,1.1,1.16,1.31,1.25,1.41,1.19,1.11,1.35,1.27,1.39,0,0,0,0,0,0,0,0,0,0,0,0,0,0,0,0,0,0,0,0,0,0,0,0,0
SLV,El Salvador,6525580,5,15,29.17,20.55,24.48,22.96,22.24,25.94,22.62,28.59,23.87,26.76,26.94,27.52,30.1,30.71,26.97,28.98,25.92,25.19,26.27,27.36,26.42,28.18,28.13,26.57,27.43,2.37,1.52,1.91,1.76,1.69,2.05,1.73,2.31,1.85,2.13,2.15,2.21,2.46,2.52,2.15,2.35,2.05,1.98,2.08,2.19,2.1,2.27,2.27,2.11,2.2,1.39,0.54,0.93,0.78,0.71,1.07,0.75,1.33,0.87,1.15,1.17,1.23,1.48,1.54,1.17,1.37,1.07,1,1.1,1.21,1.12,1.29,1.29,1.13,1.22
GNQ,Equatorial Guinea,1643647,5,NA,22.43,19.19,25.11,26.21,25.5,25.3,27.08,23.74,21.35,26.13,29.15,26.78,28.64,27.64,28.21,30.76,27.42,29.33,31.57,29.54,28.56,29.31,31.31,31.6,32.87,1.71,1.39,1.97,2.08,2.01,1.99,2.16,1.84,1.6,2.07,2.37,2.13,2.32,2.22,2.27,2.52,2.2,2.38,2.6,2.4,2.31,2.38,2.58,2.61,2.73,NA,NA,NA,NA,NA,NA,NA,NA,NA,NA,NA,NA,NA,NA,NA,NA,NA,NA,NA,NA,NA,NA,NA,NA,NA
ERI,Eritrea,6148784,5,NA,10.26,10.56,11.72,10.91,12.08,12.42,10.93,11.52,12.52,12.82,12.83,12.61,12.64,14.53,13.72,12.57,12.88,14.05,13.88,16.07,14.16,13.66,12.6,13.56,14.43,0.52,0.54,0.66,0.58,0.69,0.73,0.58,0.64,0.74,0.77,0.77,0.75,0.75,0.93,0.85,0.74,0.77,0.89,0.87,1.08,0.9,0.85,0.74,0.84,0.92,NA,NA,NA,NA,NA,NA,NA,NA,NA,NA,NA,NA,NA,NA,NA,NA,NA,NA,NA,NA,NA,NA,NA,NA,NA
EST,Estonia,1200974,5,10,9.49,9.94,7.97,8.51,9.63,9.03,8.4,8.55,10,9.27,8.75,8.74,9.7,7.76,8.01,7.63,8.38,6.6,6.39,5.69,7.3,5.81,5.55,6.63,5.61,0.44,0.48,0.29,0.34,0.45,0.39,0.33,0.35,0.49,0.42,0.37,0.37,0.46,0.27,0.29,0.26,0.33,0.16,0.14,0.07,0.23,0.08,0.05,0.16,0.06,0,0,0,0,0,0,0,0,0,0,0,0,0,0,0,0,0,0,0,0,0,0,0,0,0
ETH,Ethiopia,113755806,5,NA,7.09,6.81,12.46,14.86,14.78,15.22,14.3,15,15.89,17.69,16.29,16.19,17.66,18.72,16.61,17.26,16.18,17.71,17.18,17.89,17.46,17.16,16.88,17.2,16.94,0.2,0.18,0.73,0.97,0.96,1,0.91,0.98,1.07,1.24,1.11,1.1,1.24,1.34,1.14,1.2,1.1,1.25,1.19,1.26,1.22,1.19,1.16,1.2,1.17,NA,NA,NA,NA,NA,NA,NA,NA,NA,NA,NA,NA,NA,NA,NA,NA,NA,NA,NA,NA,NA,NA,NA,NA,NA
FLK,Falkland Islands,3293,5,NA,1.3,1.5,1.4,1.4,1.6,1.5,1.5,1.7,1.7,1.9,2.1,1.8,1.7,2,1.6,1.6,1.7,1.5,1.5,1.6,1.7,1.7,1.7,1.8,2.6,0,0,0,0,0,0,0,0,0,0,0,0,0,0,0,0,0,0,0,0,0,0,0,0,0,NA,NA,NA,NA,NA,NA,NA,NA,NA,NA,NA,NA,NA,NA,NA,NA,NA,NA,NA,NA,NA,NA,NA,NA,NA
FRO,Faroe Islands,47161,5,NA,2.26,2.68,2.59,2.61,2.64,3.52,2.44,2.43,3.08,2.54,2.92,2.92,2.65,2.67,2.09,2.82,3.23,2.34,1.75,2.4,2.33,2.51,2.31,2.69,2.61,0,0,0,0,0,0,0,0,0,0,0,0,0,0,0,0,0,0,0,0,0,0,0,0,0,NA,NA,NA,NA,NA,NA,NA,NA,NA,NA,NA,NA,NA,NA,NA,NA,NA,NA,NA,NA,NA,NA,NA,NA,NA
FJI,Fiji,897896,5,NA,1.73,2.6,2.66,2.49,2.47,2.3,2.55,2.53,2.52,2.81,3.71,2.69,2.69,2.86,2.56,2.64,2.37,2.67,2.51,3.29,2.9,2.78,2.36,2.55,3.23,0,0,0,0,0,0,0,0,0,0,0,0,0,0,0,0,0,0,0,0,0,0,0,0,0,NA,NA,NA,NA,NA,NA,NA,NA,NA,NA,NA,NA,NA,NA,NA,NA,NA,NA,NA,NA,NA,NA,NA,NA,NA
FIN,Finland,5463386,5,10,6.91,7.31,6.23,6.47,6.49,6.89,6.7,6.69,7.92,7.06,6.13,6.55,7.18,6.24,6.24,5.66,6.52,5.18,4.99,4.36,5.29,4.56,4.34,4.82,4.37,0.19,0.23,0.12,0.14,0.15,0.19,0.17,0.17,0.29,0.2,0.11,0.15,0.21,0.12,0.12,0.06,0.15,0.02,0,0,0.03,0,0,0,0,0,0,0,0,0,0,0,0,0,0,0,0,0,0,0,0,0,0,0,0,0,0,0,0,0
FRA,France,65826552,5,10,13.49,12.82,11.61,13.26,12.48,13.34,11.48,11.89,11.71,12.06,12.05,13.55,14.49,13.77,12.09,12.94,9.58,10.32,9.82,9.32,9.26,7.87,7.46,8.81,8.45,0.83,0.77,0.65,0.81,0.73,0.82,0.64,0.68,0.66,0.69,0.69,0.84,0.93,0.86,0.69,0.78,0.45,0.52,0.47,0.42,0.42,0.28,0.24,0.37,0.34,0.34,0.28,0.16,0.32,0.24,0.33,0.15,0.19,0.17,0.2,0.2,0.35,0.44,0.37,0.2,0.29,0,0.03,0,0,0,0,0,0,0
GUF,French Guiana,294288,5,NA,4.17,4.44,4.52,6.27,5.63,5.67,6.03,6.17,6.07,5.66,6.51,6.39,5.87,5.63,5.73,5.09,4.62,4.99,4.99,4.92,5.02,5.45,4.99,5.42,5.53,0,0,0,0.12,0.06,0.07,0.1,0.11,0.1,0.06,0.15,0.14,0.09,0.06,0.07,0.01,0,0,0,0,0,0.04,0,0.04,0.05,NA,NA,NA,NA,NA,NA,NA,NA,NA,NA,NA,NA,NA,NA,NA,NA,NA,NA,NA,NA,NA,NA,NA,NA,NA
PYF,French Polynesia,241690,5,NA,0.99,1.17,1.34,1.44,1.66,1.53,1.35,1.65,1.35,1.46,1.16,1.27,1.17,1.06,1.26,1.26,1.38,1.35,1.19,1.2,1.36,1.38,1.35,1.27,1.48,0,0,0,0,0,0,0,0,0,0,0,0,0,0,0,0,0,0,0,0,0,0,0,0,0,NA,NA,NA,NA,NA,NA,NA,NA,NA,NA,NA,NA,NA,NA,NA,NA,NA,NA,NA,NA,NA,NA,NA,NA,NA
ATF,French Southern Territories,NA,5,NA,NA,NA,NA,NA,NA,NA,NA,NA,NA,NA,NA,NA,NA,NA,NA,NA,NA,NA,NA,NA,NA,NA,NA,NA,NA,NA,NA,NA,NA,NA,NA,NA,NA,NA,NA,NA,NA,NA,NA,NA,NA,NA,NA,NA,NA,NA,NA,NA,NA,NA,NA,NA,NA,NA,NA,NA,NA,NA,NA,NA,NA,NA,NA,NA,NA,NA,NA,NA,NA,NA,NA,NA,NA,NA,NA
GAB,Gabon,2334485,5,NA,18.07,14.41,19.92,22.71,20.04,20.1,21.47,18.29,17.23,20.95,24.46,21.54,23.47,23.4,23.59,26.05,23.47,25.11,26.01,23.16,23.42,24.06,25.16,24.28,25.65,1.28,0.92,1.46,1.74,1.47,1.48,1.61,1.3,1.2,1.56,1.91,1.62,1.81,1.8,1.82,2.06,1.81,1.97,2.06,1.78,1.81,1.87,1.98,1.89,2.02,NA,NA,NA,NA,NA,NA,NA,NA,NA,NA,NA,NA,NA,NA,NA,NA,NA,NA,NA,NA,NA,NA,NA,NA,NA
GMB,Gambia,2396206,5,NA,6.89,6.94,6.5,5.35,4.74,5.77,5.43,5.98,6.33,6,6.33,6.67,7,6.23,6.96,6.45,6.35,7.06,6.15,6.37,5.9,6.83,7.15,6.95,6.86,0.19,0.19,0.15,0.03,0,0.08,0.04,0.1,0.13,0.1,0.13,0.16,0.2,0.12,0.19,0.14,0.13,0.2,0.11,0.13,0.09,0.18,0.21,0.19,0.18,NA,NA,NA,NA,NA,NA,NA,NA,NA,NA,NA,NA,NA,NA,NA,NA,NA,NA,NA,NA,NA,NA,NA,NA,NA
GEO,Georgia,4926730,5,20,13.67,12.7,13.64,12.71,12.9,12.91,12.35,12.82,12.89,13.31,13.31,13.43,12.02,14.87,13.75,13.31,13.6,13.56,12.56,14.01,12.34,13.5,13.14,12.55,13.65,0.85,0.75,0.85,0.76,0.77,0.78,0.72,0.77,0.77,0.81,0.81,0.83,0.69,0.97,0.86,0.81,0.84,0.84,0.74,0.88,0.72,0.83,0.8,0.74,0.85,0,0,0,0,0,0,0,0,0,0,0,0,0,0,0,0,0,0,0,0,0,0,0,0,0
DEU,Germany,84278085,5,10,15.64,14.75,13.99,14.33,15.15,15.84,14.3,14.21,15.15,12.74,12.91,14.26,15.19,14.52,11.91,12.74,12.41,11.22,11.08,11.14,11.39,9.12,8.38,9.28,8.51,1.04,0.96,0.88,0.91,0.99,1.06,0.91,0.9,0.99,0.76,0.78,0.91,1,0.93,0.68,0.76,0.73,0.61,0.6,0.6,0.63,0.4,0.33,0.42,0.34,0.55,0.47,0.39,0.42,0.5,0.57,0.42,0.41,0.5,0.27,0.29,0.42,0.51,0.44,0.19,0.27,0.24,0.12,0.11,0.11,0.14,0,0,0,0
GHA,Ghana,33060716,5,NA,12.24,10.93,14.36,15.5,14.62,15.04,15.92,16.58,14.72,15.8,16.21,14.74,14.87,15.07,13.51,12.69,12.22,13.87,14.19,13.31,13.28,13.49,14.49,13.7,13.73,0.71,0.58,0.92,1.03,0.94,0.98,1.07,1.13,0.95,1.06,1.1,0.95,0.97,0.99,0.83,0.75,0.71,0.87,0.9,0.81,0.81,0.83,0.93,0.85,0.86,NA,NA,NA,NA,NA,NA,NA,NA,NA,NA,NA,NA,NA,NA,NA,NA,NA,NA,NA,NA,NA,NA,NA,NA,NA
GIB,Gibraltar,24845,5,NA,8.8,8.9,8.4,9.4,9.6,8.7,8.8,9.3,10.1,11.4,9.4,12.1,9,10.1,10,9.3,8.5,9.9,7.3,8.8,10,8.9,7.5,7.3,7.3,0.37,0.38,0.33,0.43,0.45,0.36,0.37,0.42,0.5,0.63,0.43,0.7,0.39,0.5,0.49,0.42,0.34,0.48,0.23,0.37,0.49,0.38,0.24,0.23,0.23,NA,NA,NA,NA,NA,NA,NA,NA,NA,NA,NA,NA,NA,NA,NA,NA,NA,NA,NA,NA,NA,NA,NA,NA,NA
GRC,Greece,10352376,5,10,14.81,13.41,15.1,14.61,15.18,16.22,12.92,15.72,15.63,16.54,14.63,13.3,10.18,16.09,14.42,10.78,11.28,11.89,11.36,11.73,11.33,10.95,11.78,11.45,12.56,0.96,0.82,0.99,0.94,1,1.1,0.78,1.05,1.04,1.13,0.94,0.81,0.51,1.09,0.92,0.57,0.62,0.68,0.62,0.66,0.62,0.58,0.66,0.63,0.74,0.47,0.33,0.5,0.45,0.51,0.61,0.29,0.56,0.55,0.64,0.45,0.32,0.02,0.6,0.43,0.08,0.13,0.19,0.13,0.17,0.13,0.09,0.17,0.14,0.25
GRL,Greenland,31288,5,NA,1.46,1.41,1.32,1.02,1.1,1.23,1.35,1.17,1.23,1.15,1.4,1.25,1.23,1.22,1.4,1.2,1.35,1.07,0.92,1.16,0.92,1.25,1.07,1.19,1.11,0,0,0,0,0,0,0,0,0,0,0,0,0,0,0,0,0,0,0,0,0,0,0,0,0,NA,NA,NA,NA,NA,NA,NA,NA,NA,NA,NA,NA,NA,NA,NA,NA,NA,NA,NA,NA,NA,NA,NA,NA,NA
GRD,Grenada,106270,5,NA,1.89,2.54,2.09,2.54,2.09,2.23,2.22,2.4,2.2,2.08,2.22,2.49,3.13,2.28,2.47,1.98,1.88,1.94,2.23,2.47,2.18,2.33,2.27,2.43,2.19,0,0,0,0,0,0,0,0,0,0,0,0,0,0,0,0,0,0,0,0,0,0,0,0,0,NA,NA,NA,NA,NA,NA,NA,NA,NA,NA,NA,NA,NA,NA,NA,NA,NA,NA,NA,NA,NA,NA,NA,NA,NA
GLP,Guadeloupe,355723,5,NA,2.4,3.3,2.75,2.95,2.35,2.65,2.85,3.15,3.05,2.45,2.55,2.65,3.6,2.7,2.65,2.15,2.15,2.1,2.65,2.65,2.55,2.6,2.45,2.65,2.35,0,0,0,0,0,0,0,0,0,0,0,0,0,0,0,0,0,0,0,0,0,0,0,0,0,NA,NA,NA,NA,NA,NA,NA,NA,NA,NA,NA,NA,NA,NA,NA,NA,NA,NA,NA,NA,NA,NA,NA,NA,NA
GUM,Guam,165222,5,9,0.73,0.78,0.9,1,1.11,1.29,1.41,1.39,1.41,1.35,1.18,1.32,1.15,1.25,1.56,1.36,1.72,1.93,1.12,1.31,1.04,1.14,0.88,1.17,1.19,0,0,0,0,0,0,0,0,0,0,0,0,0,0,0,0,0,0,0,0,0,0,0,0,0,0,0,0,0,0,0,0,0,0,0,0,0,0,0,0,0,0,0,0,0,0,0,0,0,0
GTM,Guatemala,17685494,5,NA,34.4,20,26.97,23.65,22.08,30.02,21.25,28.84,23.49,26.03,25.34,27.34,26.59,27.8,26.03,27.7,24.45,23.91,25.04,25.82,23.73,25.9,27.95,26.23,25.13,2.88,1.47,2.15,1.83,1.67,2.45,1.59,2.34,1.81,2.06,1.99,2.19,2.12,2.23,2.06,2.22,1.91,1.85,1.96,2.04,1.84,2.05,2.25,2.08,1.97,NA,NA,NA,NA,NA,NA,NA,NA,NA,NA,NA,NA,NA,NA,NA,NA,NA,NA,NA,NA,NA,NA,NA,NA,NA
GGY,Guernsey,66824,5,NA,10.1,8.77,7.9,7.73,7.54,9.23,7.41,7.73,7.71,7.77,8.64,8.85,9.43,9.58,8.81,9.32,8.19,6.9,7.77,7.1,7.66,7.15,6.42,7.95,6.87,0.5,0.37,0.28,0.27,0.25,0.41,0.24,0.27,0.27,0.27,0.36,0.38,0.43,0.45,0.37,0.42,0.31,0.19,0.27,0.21,0.26,0.21,0.14,0.29,0.18,NA,NA,NA,NA,NA,NA,NA,NA,NA,NA,NA,NA,NA,NA,NA,NA,NA,NA,NA,NA,NA,NA,NA,NA,NA
GIN,Guinea,13158352,5,NA,14.86,12.88,12.01,10.74,9.69,11.03,12.07,11.23,10.54,10.51,11.44,12.84,12.64,11.36,10.76,11.39,11.43,10.56,10.99,11.18,10.24,10.77,10.35,10.52,9.82,0.97,0.77,0.69,0.56,0.46,0.59,0.69,0.61,0.54,0.54,0.63,0.77,0.75,0.62,0.56,0.63,0.63,0.54,0.59,0.61,0.51,0.57,0.52,0.54,0.47,NA,NA,NA,NA,NA,NA,NA,NA,NA,NA,NA,NA,NA,NA,NA,NA,NA,NA,NA,NA,NA,NA,NA,NA,NA
GNB,Guinea-Bissau,1949532,5,NA,8.91,8.61,8.37,7.31,6.39,7.7,7.81,7.92,8.17,7.52,7.9,9.26,8.93,8.15,8.19,8.26,8.47,8.26,7.42,7.9,7.45,8.28,8.65,8.09,7.94,0.38,0.35,0.33,0.23,0.14,0.26,0.28,0.29,0.31,0.25,0.28,0.42,0.39,0.31,0.31,0.32,0.34,0.32,0.24,0.28,0.24,0.32,0.36,0.3,0.29,NA,NA,NA,NA,NA,NA,NA,NA,NA,NA,NA,NA,NA,NA,NA,NA,NA,NA,NA,NA,NA,NA,NA,NA,NA
GUY,Guyana,750427,5,NA,5.03,5.83,5.32,7.88,6.82,7.92,7.24,7.79,7.18,6.78,7.99,6.97,8.26,7.01,7.13,6.32,5.97,6.03,6.54,5.88,5.87,6.27,6.14,6.63,7.15,0,0.08,0.03,0.28,0.18,0.29,0.22,0.27,0.21,0.17,0.29,0.19,0.32,0.2,0.21,0.13,0.1,0.1,0.15,0.09,0.09,0.12,0.11,0.16,0.21,NA,NA,NA,NA,NA,NA,NA,NA,NA,NA,NA,NA,NA,NA,NA,NA,NA,NA,NA,NA,NA,NA,NA,NA,NA
HTI,Haiti,11142349,5,NA,8.77,8.31,8.26,9.27,8.96,9.91,8.4,10.57,9.97,9.71,9.17,9.75,11.46,10.02,9.13,10.08,10.25,10.06,9.78,10.23,10.31,10.92,10.32,11.04,9.92,0.37,0.32,0.32,0.42,0.39,0.48,0.33,0.55,0.49,0.46,0.41,0.47,0.63,0.49,0.4,0.5,0.51,0.5,0.47,0.51,0.52,0.58,0.52,0.59,0.48,NA,NA,NA,NA,NA,NA,NA,NA,NA,NA,NA,NA,NA,NA,NA,NA,NA,NA,NA,NA,NA,NA,NA,NA,NA
HMD,Heard Island and McDonald Island,NA,5,NA,NA,NA,NA,NA,NA,NA,NA,NA,NA,NA,NA,NA,NA,NA,NA,NA,NA,NA,NA,NA,NA,NA,NA,NA,NA,NA,NA,NA,NA,NA,NA,NA,NA,NA,NA,NA,NA,NA,NA,NA,NA,NA,NA,NA,NA,NA,NA,NA,NA,NA,NA,NA,NA,NA,NA,NA,NA,NA,NA,NA,NA,NA,NA,NA,NA,NA,NA,NA,NA,NA,NA,NA,NA,NA,NA
HND,Honduras,9419437,5,NA,26.3,16.53,23.22,22.93,22.07,27.21,21.65,28.22,24.89,25.23,26.69,24.97,26.07,30.24,23.52,26.9,23.32,22.4,22.82,24.07,22.97,24.19,30.75,25.04,24.52,2.09,1.13,1.79,1.76,1.67,2.18,1.63,2.28,1.95,1.98,2.13,1.96,2.06,2.47,1.81,2.15,1.8,1.71,1.75,1.87,1.76,1.88,2.52,1.96,1.91,NA,NA,NA,NA,NA,NA,NA,NA,NA,NA,NA,NA,NA,NA,NA,NA,NA,NA,NA,NA,NA,NA,NA,NA,NA
HUN,Hungary,9701698,5,10,23.77,23.43,21.2,23.8,25.17,25.11,20.77,21.9,22.83,16.34,16.41,18.81,18.83,21.97,18.47,17.52,15.94,17.31,15.63,17.41,16,12.89,12.6,13.01,11.93,1.84,1.81,1.59,1.84,1.98,1.97,1.55,1.66,1.75,1.11,1.12,1.35,1.36,1.66,1.32,1.23,1.07,1.21,1.04,1.22,1.08,0.77,0.74,0.78,0.68,1.35,1.32,1.1,1.35,1.49,1.48,1.06,1.17,1.26,0.62,0.63,0.86,0.87,1.17,0.83,0.74,0.58,0.72,0.55,0.73,0.59,0.28,0.25,0.29,0.19
ISL,Iceland,335735,5,10,2.51,2.61,2.59,2.76,2.98,2.99,3.06,2.67,2.65,2.5,2.71,2.89,3.38,2.97,2.75,2.96,3.1,2.78,2.64,3.06,2.51,3.23,2.48,3.98,2.9,0,0,0,0,0,0,0,0,0,0,0,0,0,0,0,0,0,0,0,0,0,0,0,0,0,0,0,0,0,0,0,0,0,0,0,0,0,0,0,0,0,0,0,0,0,0,0,0,0,0
IND,India,1388526433,5,40,30.34,30.63,33.52,37,37.11,40.07,39.9,40.77,42.49,44.23,47.83,47.39,47.57,50.48,46.38,47.58,46.56,46.55,49.77,49.88,50.15,49.2,48.82,51.3,41.39,2.48,2.51,2.79,3.14,3.15,3.44,3.42,3.51,3.67,3.84,4.2,4.15,4.17,4.46,4.06,4.17,4.07,4.07,4.39,4.4,4.42,4.33,4.29,4.54,3.57,0,0,0,0,0,0.01,0,0.08,0.24,0.41,0.77,0.72,0.74,1.03,0.63,0.74,0.64,0.64,0.96,0.97,0.99,0.9,0.86,1.11,0.14
IDN,Indonesia,273955814,5,15,12.39,12.74,14.09,14.94,18.91,16.12,18.5,17.93,22.22,18.38,17.12,19.89,17.75,18.84,18.9,17.95,22.45,24.06,19.46,16.53,18.83,22.13,17.47,18.46,18.25,0.72,0.76,0.89,0.97,1.36,1.09,1.32,1.27,1.69,1.31,1.19,1.46,1.25,1.36,1.36,1.27,1.71,1.87,1.42,1.13,1.36,1.68,1.22,1.32,1.3,0,0,0,0,0.38,0.11,0.34,0.29,0.71,0.33,0.21,0.48,0.27,0.38,0.38,0.29,0.73,0.89,0.44,0.15,0.38,0.7,0.24,0.34,0.32
IRN,Iran,86590416,5,12,13.71,12.94,15.96,13.88,15.21,13.77,13.59,14.77,15.88,15.75,16.94,17.47,17.12,18.53,18.43,15.51,17.42,16.77,16.06,18.49,17.35,18.28,17.61,16.64,18.8,0.85,0.78,1.07,0.87,1,0.86,0.84,0.96,1.07,1.05,1.17,1.22,1.19,1.33,1.32,1.03,1.22,1.15,1.08,1.32,1.21,1.3,1.24,1.14,1.35,0.17,0.09,0.39,0.18,0.31,0.17,0.16,0.27,0.38,0.37,0.48,0.54,0.5,0.64,0.63,0.34,0.53,0.47,0.4,0.64,0.52,0.62,0.55,0.45,0.67
IRQ,Iraq,40461073,5,10,18.66,26.5,25.36,20.84,21.17,18.67,18.82,21.95,21.38,22.24,26.23,27.69,25.1,26.84,29.02,26.08,25.31,25.67,23.56,25.78,26.79,23.77,24.18,25.35,32.42,1.34,2.11,2,1.55,1.58,1.34,1.35,1.66,1.61,1.69,2.08,2.22,1.97,2.14,2.35,2.07,1.99,2.03,1.82,2.04,2.14,1.84,1.88,1.99,2.69,0.85,1.62,1.51,1.06,1.09,0.85,0.86,1.17,1.12,1.2,1.59,1.73,1.48,1.65,1.86,1.58,1.5,1.54,1.33,1.55,1.65,1.35,1.39,1.5,2.2
IRL,Ireland,5077586,5,10,7.09,6.58,6.46,7.64,6.97,8.48,5.91,6.47,6.37,6.85,6.49,6.39,7.35,6.39,5.8,6.75,5.58,5.19,5.61,4.86,5.53,5.87,5.2,6.01,5.41,0.2,0.15,0.14,0.26,0.19,0.34,0.09,0.14,0.13,0.18,0.15,0.14,0.23,0.14,0.08,0.17,0.06,0.02,0.06,0,0.05,0.09,0.02,0.1,0.04,0,0,0,0,0,0,0,0,0,0,0,0,0,0,0,0,0,0,0,0,0,0,0,0,0
IMN,Isle of Man,89221,5,NA,7.36,6.54,6.08,6.92,6.86,8.62,5.36,5.83,6.49,6.7,6.15,6.31,6.74,6.44,5.8,7.2,6.28,5.79,5.59,5.4,6,6.23,5.36,6.27,5.4,0.23,0.15,0.11,0.19,0.18,0.35,0.04,0.08,0.15,0.17,0.11,0.13,0.17,0.14,0.08,0.22,0.13,0.08,0.06,0.04,0.1,0.12,0.04,0.12,0.04,NA,NA,NA,NA,NA,NA,NA,NA,NA,NA,NA,NA,NA,NA,NA,NA,NA,NA,NA,NA,NA,NA,NA,NA,NA
ISR,Israel,9030238,5,25,10.51,10.59,13.98,12.32,11.19,10.41,10.17,10.38,11.19,11.51,11.28,11.02,10.87,12.1,12.59,10.65,10.55,12.47,11.32,12.22,12.18,11.6,13.45,12.77,14.32,0.54,0.55,0.88,0.72,0.61,0.53,0.51,0.53,0.61,0.64,0.62,0.59,0.58,0.7,0.74,0.55,0.54,0.73,0.62,0.71,0.7,0.65,0.83,0.76,0.91,0,0,0,0,0,0,0,0,0,0,0,0,0,0,0,0,0,0,0,0,0,0,0,0,0
ITA,Italy,60574847,5,10,17.7,16.76,18,17.34,18.53,19.05,16.11,18.08,19.53,18.42,16.04,15.99,15.58,18.35,16.28,15.26,12.04,15.88,13.21,15.2,12.69,12.03,13.31,12.18,13.11,1.24,1.15,1.27,1.21,1.33,1.38,1.09,1.28,1.42,1.32,1.08,1.08,1.04,1.31,1.11,1.01,0.69,1.07,0.8,1,0.75,0.69,0.81,0.7,0.79,0.75,0.66,0.78,0.72,0.84,0.89,0.6,0.79,0.93,0.83,0.59,0.59,0.55,0.82,0.62,0.52,0.2,0.58,0.31,0.51,0.26,0.2,0.32,0.21,0.3
JAM,Jamaica,2785453,5,12,10.15,11.05,11.02,11.28,12.38,12.7,12.73,14.83,14.17,12.6,13.56,13.19,15.31,13.39,12.87,12.63,13.17,12.58,12.64,12.45,12.13,13.51,13.84,13.76,13.17,0.5,0.59,0.59,0.62,0.72,0.75,0.76,0.96,0.9,0.74,0.84,0.8,1.01,0.82,0.77,0.75,0.8,0.74,0.75,0.73,0.7,0.83,0.87,0.86,0.8,0,0,0,0,0.04,0.07,0.07,0.28,0.21,0.06,0.15,0.12,0.32,0.14,0.09,0.06,0.11,0.06,0.06,0.04,0.01,0.15,0.18,0.17,0.11
JPN,Japan,122988765,5,15,11.36,9.85,14.93,13.46,12.87,14.16,12.44,13.58,14.14,13.24,14.45,12.76,11.47,11.9,12.46,11.9,12.78,12.56,11.55,11.37,11.37,11.26,10.51,10.6,11.26,0.62,0.48,0.97,0.83,0.77,0.9,0.73,0.84,0.9,0.81,0.93,0.76,0.63,0.68,0.73,0.68,0.76,0.74,0.64,0.62,0.62,0.61,0.54,0.55,0.61,0,0,0,0,0,0,0,0,0,0,0,0,0,0,0,0,0,0,0,0,0,0,0,0,0
JEY,Jersey,98012,5,NA,10.42,9.43,8.18,8.3,8.08,9.34,7.97,7.9,8.08,8.35,9.25,9.57,10.08,10.45,9.62,10.27,8.58,7.48,8.1,7.49,8.17,7.05,6.31,8.35,6.94,0.53,0.43,0.31,0.32,0.3,0.43,0.29,0.28,0.3,0.33,0.42,0.45,0.5,0.53,0.45,0.52,0.35,0.24,0.3,0.24,0.31,0.2,0.13,0.33,0.19,NA,NA,NA,NA,NA,NA,NA,NA,NA,NA,NA,NA,NA,NA,NA,NA,NA,NA,NA,NA,NA,NA,NA,NA,NA
JOR,Jordan,11001930,5,15,13.38,14.13,17.64,16.21,14.85,14.54,13.71,14.51,15.46,15.51,15.58,15.78,15.13,17.28,18.62,15.51,14.95,17.36,17.57,17.55,17.34,15.96,21.39,17.7,19.7,0.82,0.89,1.24,1.1,0.97,0.93,0.85,0.93,1.03,1.03,1.04,1.06,0.99,1.2,1.33,1.03,0.98,1.21,1.23,1.23,1.21,1.07,1.61,1.24,1.44,0,0,0.26,0.12,0,0,0,0,0.05,0.05,0.06,0.08,0.01,0.22,0.35,0.05,0,0.23,0.25,0.25,0.23,0.09,0.63,0.26,0.46
KAZ,Kazakhstan,19412475,5,NA,11.83,11.31,10.91,10.95,11.72,11.84,11.56,12.6,12.27,13.14,14.83,14.08,13.56,14.29,15.42,12.42,13.43,12.28,13.11,13.96,13.22,13.97,13.21,12.65,12.01,0.67,0.62,0.58,0.58,0.66,0.67,0.64,0.74,0.71,0.8,0.96,0.89,0.84,0.91,1.02,0.73,0.83,0.71,0.79,0.88,0.81,0.88,0.8,0.75,0.69,NA,NA,NA,NA,NA,NA,NA,NA,NA,NA,NA,NA,NA,NA,NA,NA,NA,NA,NA,NA,NA,NA,NA,NA,NA
KEN,Kenya,55776521,5,35,10.67,8.6,12.71,18.06,15.03,15.62,15.13,14.9,15.77,18.51,15.62,15.56,17.5,17.61,16.62,17.02,14.83,14.96,15.73,13.63,15.68,16.64,18.12,16.5,16.47,0.56,0.35,0.76,1.28,0.98,1.04,0.99,0.97,1.06,1.32,1.04,1.03,1.23,1.24,1.14,1.18,0.96,0.98,1.05,0.85,1.05,1.14,1.29,1.13,1.12,0,0,0,0,0,0,0,0,0,0,0,0,0,0,0,0,0,0,0,0,0,0,0,0,0
KIR,Kiribati,69441,5,NA,1,1,1.1,1.1,1.6,1.3,1.4,1.6,1.5,1.2,1.1,1.6,1.1,1,1.2,1.3,1.5,2,1.2,1.1,1.3,1.6,1.1,0.9,0.9,0,0,0,0,0,0,0,0,0,0,0,0,0,0,0,0,0,0,0,0,0,0,0,0,0,NA,NA,NA,NA,NA,NA,NA,NA,NA,NA,NA,NA,NA,NA,NA,NA,NA,NA,NA,NA,NA,NA,NA,NA,NA
XKO,Kosovo,1948422,5,NA,21.24,19.69,20.4,20.33,21.9,23.08,19.71,22.07,22.85,21.79,20.27,19.94,17.44,25.38,24.06,23.53,18.84,23.08,20.29,18.78,19.95,17.38,18.7,15.54,15.48,1.59,1.44,1.51,1.5,1.66,1.77,1.44,1.67,1.75,1.65,1.5,1.46,1.22,2,1.87,1.82,1.36,1.77,1.5,1.35,1.47,1.21,1.34,1.03,1.03,NA,NA,NA,NA,NA,NA,NA,NA,NA,NA,NA,NA,NA,NA,NA,NA,NA,NA,NA,NA,NA,NA,NA,NA,NA
KWT,Kuwait,3046740,5,NA,13.35,14.69,18.19,13.14,14.51,11.9,12.25,12.53,14.22,14.11,17.13,17.4,18.38,16.66,19.7,16.28,18.09,19.11,13.9,17.96,19.69,19.01,17.98,17.23,21.77,0.82,0.95,1.29,0.8,0.93,0.68,0.71,0.74,0.9,0.89,1.19,1.22,1.31,1.14,1.44,1.11,1.28,1.38,0.87,1.27,1.44,1.37,1.27,1.2,1.64,NA,NA,NA,NA,NA,NA,NA,NA,NA,NA,NA,NA,NA,NA,NA,NA,NA,NA,NA,NA,NA,NA,NA,NA,NA
KGZ,Kyrgyzstan,5938511,5,NA,11.64,11.01,12.59,11.91,13.08,12.37,12.73,14.03,13.76,13.98,13.9,14.5,12.4,14.28,15.38,12.58,12.73,13.26,13.92,13.77,13.16,14.74,13.12,13.03,12.09,0.65,0.59,0.74,0.68,0.79,0.72,0.76,0.88,0.86,0.88,0.87,0.93,0.73,0.91,1.02,0.74,0.76,0.81,0.87,0.86,0.8,0.95,0.8,0.79,0.69,NA,NA,NA,NA,NA,NA,NA,NA,NA,NA,NA,NA,NA,NA,NA,NA,NA,NA,NA,NA,NA,NA,NA,NA,NA
LAO,Laos,7781722,5,NA,24.27,20.51,21.12,23.54,23.45,23.26,29.67,29.37,27.14,31.32,27.68,26.37,30.7,27.48,25.15,27.02,27.66,25.28,28.7,25.18,24.22,27.01,27.13,25.35,23.53,1.89,1.52,1.58,1.82,1.81,1.79,2.42,2.39,2.17,2.58,2.22,2.09,2.52,2.2,1.97,2.16,2.22,1.99,2.32,1.98,1.88,2.16,2.17,1.99,1.82,NA,NA,NA,NA,NA,NA,NA,NA,NA,NA,NA,NA,NA,NA,NA,NA,NA,NA,NA,NA,NA,NA,NA,NA,NA
LVA,Latvia,1838070,5,10,18.99,19.73,16.76,17.09,20.47,18.38,16.58,17.33,19.32,19.71,18.75,17.76,19.76,15.65,16.69,15.79,16.68,14.57,13.3,12.7,15.51,12.78,12.7,14.73,12.14,1.37,1.44,1.15,1.18,1.52,1.31,1.13,1.21,1.4,1.44,1.35,1.25,1.45,1.04,1.15,1.06,1.14,0.94,0.81,0.75,1.03,0.76,0.75,0.95,0.7,0.88,0.95,0.66,0.69,1.03,0.82,0.64,0.72,0.91,0.95,0.86,0.76,0.96,0.55,0.66,0.57,0.65,0.45,0.32,0.26,0.54,0.27,0.26,0.46,0.21
LBN,Lebanon,5262771,5,NA,14.83,14.93,18.46,16.93,15.47,14.75,13.82,14.66,15.66,15.42,14.73,14.92,13.89,17.15,17.12,15.55,14.59,16.66,15.94,17.01,16.46,16.35,17.22,16.29,18.62,0.96,0.97,1.32,1.17,1.03,0.96,0.86,0.95,1.04,1.02,0.95,0.97,0.87,1.19,1.19,1.03,0.94,1.14,1.07,1.18,1.12,1.11,1.2,1.11,1.33,NA,NA,NA,NA,NA,NA,NA,NA,NA,NA,NA,NA,NA,NA,NA,NA,NA,NA,NA,NA,NA,NA,NA,NA,NA
LSO,Lesotho,2192613,5,NA,20.41,20.92,21.56,23.17,24.72,26.36,24.98,26.72,27.97,23.79,25.3,25.25,28.92,25.88,23.11,22.41,21.77,23.17,20.73,24.17,23.47,21.31,23.3,22.98,27.87,1.51,1.56,1.62,1.78,1.93,2.09,1.96,2.13,2.25,1.84,1.99,1.98,2.34,2.05,1.77,1.71,1.64,1.78,1.54,1.88,1.81,1.6,1.79,1.76,2.24,NA,NA,NA,NA,NA,NA,NA,NA,NA,NA,NA,NA,NA,NA,NA,NA,NA,NA,NA,NA,NA,NA,NA,NA,NA
LBR,Liberia,5247463,5,NA,12.42,10.27,10.01,10.65,10.05,11.12,10.87,11.6,10.79,10.36,11.46,12.47,11.11,11.56,9.66,10.41,10.09,10.44,10.63,9.88,9.68,10.57,9.76,9.03,9.39,0.73,0.52,0.49,0.55,0.49,0.6,0.58,0.65,0.57,0.53,0.63,0.73,0.6,0.64,0.46,0.53,0.5,0.53,0.55,0.48,0.46,0.55,0.47,0.39,0.43,NA,NA,NA,NA,NA,NA,NA,NA,NA,NA,NA,NA,NA,NA,NA,NA,NA,NA,NA,NA,NA,NA,NA,NA,NA
LBY,Libya,7118055,5,NA,8.22,7.65,8.93,6.9,6.76,8.27,6.1,7.37,7.53,6.84,6.68,6.77,5.54,7.4,6.97,6.9,5.2,7.33,5.72,6.6,5.87,5.84,6.84,6.4,8.89,0.32,0.26,0.39,0.19,0.17,0.32,0.11,0.23,0.25,0.18,0.16,0.17,0.05,0.24,0.19,0.19,0.02,0.23,0.07,0.16,0.09,0.08,0.18,0.14,0.38,NA,NA,NA,NA,NA,NA,NA,NA,NA,NA,NA,NA,NA,NA,NA,NA,NA,NA,NA,NA,NA,NA,NA,NA,NA
LIE,Liechtenstein,39252,5,NA,15.64,15.92,15.3,16.18,17.75,17.74,14.62,16.7,16.87,14.33,13.23,14.95,15.35,14.74,12.55,13.57,9.97,12.25,10.92,10.98,11.09,9.61,10.07,10.3,10.82,1.04,1.07,1.01,1.1,1.25,1.25,0.94,1.15,1.16,0.91,0.81,0.98,1.01,0.95,0.74,0.84,0.49,0.71,0.58,0.59,0.6,0.45,0.5,0.52,0.57,NA,NA,NA,NA,NA,NA,NA,NA,NA,NA,NA,NA,NA,NA,NA,NA,NA,NA,NA,NA,NA,NA,NA,NA,NA
LTU,Lithuania,2681456,5,10,17.02,16.68,14.37,14.45,17.04,15.29,13.33,12.89,14.47,14.38,17.53,15.64,18.08,15.12,15.35,14.46,14.81,13.24,11.74,11.64,12.88,10.85,10.28,12.25,9.53,1.18,1.14,0.92,0.93,1.18,1.01,0.82,0.77,0.93,0.92,1.23,1.04,1.28,0.99,1.01,0.93,0.96,0.81,0.66,0.65,0.77,0.57,0.52,0.71,0.44,0.69,0.65,0.43,0.44,0.69,0.52,0.33,0.28,0.44,0.43,0.74,0.55,0.79,0.5,0.52,0.44,0.47,0.32,0.17,0.16,0.28,0.08,0.03,0.22,0
LUX,Luxembourg,647579,5,10,16.45,15,12.92,13.07,13.4,14.78,13.96,13.6,13.82,13.47,13.89,14.94,15.13,14.37,12.07,13.58,10.91,11,10.49,10.08,10.12,8.11,7.5,8.46,8,1.12,0.98,0.78,0.79,0.82,0.96,0.88,0.84,0.86,0.83,0.87,0.97,0.99,0.92,0.69,0.84,0.58,0.59,0.54,0.5,0.5,0.3,0.24,0.34,0.29,0.63,0.49,0.29,0.3,0.33,0.47,0.39,0.35,0.37,0.34,0.38,0.48,0.5,0.43,0.2,0.35,0.09,0.1,0.05,0.01,0.01,0,0,0,0
MEX,México,129012029,5,12,18.96,14.05,17.36,17.27,17.38,18.59,16.92,18.41,17.18,17.13,16.63,16.28,15.59,17.57,16.31,17.04,15.25,16.15,16.11,16.57,15.6,16.64,16.29,16.21,15.64,1.37,0.89,1.21,1.2,1.21,1.33,1.17,1.31,1.19,1.19,1.14,1.11,1.04,1.23,1.11,1.18,1,1.09,1.09,1.13,1.04,1.14,1.11,1.1,1.04,0.68,0.2,0.53,0.52,0.53,0.65,0.48,0.63,0.51,0.5,0.45,0.42,0.35,0.55,0.42,0.49,0.32,0.41,0.4,0.45,0.35,0.45,0.42,0.41,0.36
MKD,Macedonia,2121859,5,NA,24.1,22.39,25.82,24.81,26.97,28.71,23.29,25.82,26.76,26.2,23.92,23.08,19.03,28.48,27.05,25.48,21.99,24.87,22.76,22.27,22.36,20.56,20.6,19.67,19.02,1.87,1.7,2.04,1.94,2.15,2.32,1.79,2.04,2.13,2.08,1.85,1.77,1.37,2.3,2.16,2.01,1.67,1.95,1.74,1.69,1.7,1.52,1.53,1.44,1.37,NA,NA,NA,NA,NA,NA,NA,NA,NA,NA,NA,NA,NA,NA,NA,NA,NA,NA,NA,NA,NA,NA,NA,NA,NA
MDG,Madagascar,28065619,5,NA,6.34,5.69,7.36,12.68,9.39,9.95,9.47,11.43,10.33,11.75,10.37,10.99,12.24,11.47,9.87,10.72,9.87,10.64,10.52,9.82,9.77,10.2,8.67,9.62,9.7,0.13,0.07,0.23,0.75,0.43,0.49,0.44,0.63,0.52,0.66,0.53,0.59,0.71,0.63,0.48,0.56,0.48,0.55,0.54,0.47,0.47,0.51,0.36,0.45,0.46,NA,NA,NA,NA,NA,NA,NA,NA,NA,NA,NA,NA,NA,NA,NA,NA,NA,NA,NA,NA,NA,NA,NA,NA,NA
MWI,Malawi,20431896,5,NA,14.36,11.11,12.1,20.43,18.02,18.34,16.93,18.78,17.04,20.51,19.08,17.44,18.91,17.01,17.05,16.71,15.02,15.97,14.76,13.98,16.56,17.42,14.26,13.95,17.61,0.92,0.6,0.7,1.51,1.28,1.31,1.17,1.35,1.18,1.52,1.38,1.22,1.36,1.18,1.18,1.15,0.98,1.08,0.96,0.88,1.13,1.22,0.91,0.88,1.24,NA,NA,NA,NA,NA,NA,NA,NA,NA,NA,NA,NA,NA,NA,NA,NA,NA,NA,NA,NA,NA,NA,NA,NA,NA
MYS,Malaysia,33543665,5,15,11.79,11.01,14.17,13.44,17.27,14.91,17.85,17.83,22.16,15.13,14.55,18.74,13.87,17.39,17.59,18.26,19.38,23.88,15.2,13.73,15.26,20.1,12.98,13.44,13.31,0.67,0.59,0.9,0.83,1.2,0.97,1.26,1.26,1.68,0.99,0.94,1.35,0.87,1.21,1.23,1.3,1.41,1.85,1,0.86,1.01,1.48,0.78,0.83,0.81,0,0,0,0,0.22,0,0.28,0.28,0.7,0.01,0,0.37,0,0.23,0.25,0.32,0.43,0.87,0.02,0,0.03,0.5,0,0,0
MDV,Maldives,248724,5,NA,6.7,8.4,9.2,8.8,8.1,10.1,9.3,8.9,9.7,11.7,10.9,11.1,9.8,12.2,10.9,9.5,10.7,8.7,12,11.1,11.4,9.8,9.8,8.6,8.2,0.17,0.33,0.41,0.37,0.3,0.5,0.42,0.38,0.46,0.66,0.58,0.6,0.47,0.71,0.58,0.44,0.56,0.36,0.69,0.6,0.63,0.47,0.47,0.35,0.31,NA,NA,NA,NA,NA,NA,NA,NA,NA,NA,NA,NA,NA,NA,NA,NA,NA,NA,NA,NA,NA,NA,NA,NA,NA
MLI,Mali,20722173,5,NA,7.03,6.64,6.9,5.98,5.67,6.96,7.13,7.09,6.71,6.56,6.74,7.22,8.01,7.25,7.53,6.25,7.21,7,6.61,7.24,6.48,6.68,6.48,7.58,6.63,0.2,0.16,0.19,0.1,0.07,0.19,0.21,0.2,0.17,0.15,0.17,0.22,0.29,0.22,0.25,0.12,0.22,0.2,0.16,0.22,0.15,0.16,0.15,0.25,0.16,NA,NA,NA,NA,NA,NA,NA,NA,NA,NA,NA,NA,NA,NA,NA,NA,NA,NA,NA,NA,NA,NA,NA,NA,NA
MLT,Malta,454693,5,10,7.56,7.59,8.09,7.3,7.59,9.86,6.92,7.85,8.63,8.41,7.75,7.14,5.61,8.44,7.61,7.68,5.88,8.67,5.74,7.07,6.44,6.36,6.48,5.97,7.16,0.25,0.25,0.3,0.23,0.25,0.48,0.19,0.28,0.36,0.33,0.27,0.21,0.06,0.34,0.26,0.26,0.09,0.36,0.07,0.2,0.14,0.13,0.15,0.1,0.21,0,0,0,0,0,0,0,0,0,0,0,0,0,0,0,0,0,0,0,0,0,0,0,0,0
MHL,Marshall Islands,34683,5,NA,0.76,0.67,0.82,0.76,0.96,0.93,0.95,1,1.06,0.96,0.96,0.96,1.1,0.99,0.9,0.99,1.14,1.09,0.95,0.93,1.27,0.99,0.84,0.94,1.02,0,0,0,0,0,0,0,0,0,0,0,0,0,0,0,0,0,0,0,0,0,0,0,0,0,NA,NA,NA,NA,NA,NA,NA,NA,NA,NA,NA,NA,NA,NA,NA,NA,NA,NA,NA,NA,NA,NA,NA,NA,NA
MTQ,Martinique,334142,5,NA,2.82,3.42,2.85,3.49,2.67,3.11,3.11,3.73,3.33,2.85,3.1,3.35,4.08,3.1,3.1,2.43,2.33,2.57,3.05,2.97,2.77,2.98,3.02,3.15,2.72,0,0,0,0,0,0,0,0,0,0,0,0,0,0,0,0,0,0,0,0,0,0,0,0,0,NA,NA,NA,NA,NA,NA,NA,NA,NA,NA,NA,NA,NA,NA,NA,NA,NA,NA,NA,NA,NA,NA,NA,NA,NA
MRT,Mauritania,4202525,5,NA,3.52,3.64,3.36,2.94,2.8,3.71,3.23,3.3,3.36,3.2,3.2,3.41,3.79,3.45,3.86,3.14,3.42,3.33,3.29,3.33,3.09,3.33,3.35,3.86,3.51,0,0,0,0,0,0,0,0,0,0,0,0,0,0,0,0,0,0,0,0,0,0,0,0,0,NA,NA,NA,NA,NA,NA,NA,NA,NA,NA,NA,NA,NA,NA,NA,NA,NA,NA,NA,NA,NA,NA,NA,NA,NA
MUS,Mauritius,1268982,5,NA,5.46,5.55,5.04,5.53,5.45,5.48,5.94,7.61,5.93,6.24,6.02,6.13,6.65,6.75,5.93,6.09,5.59,5.74,6.09,6.09,6.55,6.26,5.42,5.89,5.65,0.05,0.05,0,0.05,0.04,0.05,0.09,0.26,0.09,0.12,0.1,0.11,0.16,0.17,0.09,0.11,0.06,0.07,0.11,0.11,0.15,0.12,0.04,0.09,0.06,NA,NA,NA,NA,NA,NA,NA,NA,NA,NA,NA,NA,NA,NA,NA,NA,NA,NA,NA,NA,NA,NA,NA,NA,NA
MYT,Mayotte,280400,5,NA,7.35,7.33,6.99,7.01,6.67,7.04,5.91,6.97,8.51,8.87,7.62,9.3,8.38,8.7,7.83,9.03,6.24,6.98,7.09,7.74,7.39,7.62,7.33,7.1,8.15,0.23,0.23,0.2,0.2,0.16,0.2,0.09,0.19,0.34,0.38,0.26,0.42,0.33,0.36,0.28,0.39,0.12,0.19,0.2,0.27,0.23,0.26,0.23,0.21,0.31,NA,NA,NA,NA,NA,NA,NA,NA,NA,NA,NA,NA,NA,NA,NA,NA,NA,NA,NA,NA,NA,NA,NA,NA,NA
FSM,Micronesia,77836,5,NA,0.82,0.93,0.91,1.06,1.28,1.27,1.31,1.19,1.37,1.12,0.96,1.48,0.96,1.28,1.24,1.12,1.54,1.64,1.04,0.9,1.18,1.08,0.79,0.93,0.94,0,0,0,0,0,0,0,0,0,0,0,0,0,0,0,0,0,0,0,0,0,0,0,0,0,NA,NA,NA,NA,NA,NA,NA,NA,NA,NA,NA,NA,NA,NA,NA,NA,NA,NA,NA,NA,NA,NA,NA,NA,NA
MDA,Moldova,3302138,5,25,19.41,18.94,16.14,18.65,21.21,17.72,17.61,18.3,20.18,16.27,15.55,15.88,14.62,16.92,17.58,15.7,15.89,14.58,14.72,16.15,14.54,12.44,13.55,13.74,11.49,1.41,1.37,1.09,1.34,1.59,1.25,1.24,1.3,1.49,1.1,1.03,1.07,0.94,1.17,1.23,1.05,1.07,0.94,0.95,1.09,0.93,0.73,0.84,0.86,0.64,0,0,0,0,0,0,0,0,0,0,0,0,0,0,0,0,0,0,0,0,0,0,0,0,0
MCO,Monaco,15885,5,NA,13.3,12.2,13.5,13.8,14.2,15.7,13.3,14,13.7,13.8,12.6,13.8,14.6,14.5,14.3,12.2,9.8,12.3,11.1,12.4,10.7,9.6,9.6,9.5,9.9,0.81,0.71,0.83,0.86,0.9,1.05,0.81,0.88,0.85,0.86,0.74,0.86,0.94,0.93,0.91,0.71,0.47,0.72,0.6,0.73,0.56,0.45,0.45,0.44,0.48,NA,NA,NA,NA,NA,NA,NA,NA,NA,NA,NA,NA,NA,NA,NA,NA,NA,NA,NA,NA,NA,NA,NA,NA,NA
MNG,Mongolia,3225649,5,25,29.23,25.78,24.5,26.59,31.23,33.55,26.98,31.37,35.31,37.73,36.9,34.21,33.42,36.08,35.27,34.7,32.12,31.36,37.32,33.4,29.74,34.01,30.97,36.17,30.1,2.37,2.04,1.91,2.12,2.57,2.8,2.15,2.58,2.97,3.21,3.13,2.86,2.79,3.05,2.97,2.91,2.66,2.58,3.17,2.78,2.42,2.84,2.55,3.05,2.46,0.41,0.08,0,0.16,0.61,0.84,0.19,0.62,1.01,1.25,1.17,0.9,0.83,1.09,1.01,0.95,0.7,0.62,1.21,0.82,0.46,0.88,0.59,1.09,0.5
MNE,Montenegro,580747,5,25,19.41,17.2,19.28,19.45,20.06,22.67,18.19,20.23,23.59,21.74,18.01,17.95,14.99,26.36,21.46,18.74,14.82,19.25,17.15,18.67,17.9,15.99,16.97,15.11,15.09,1.41,1.2,1.4,1.42,1.48,1.73,1.29,1.49,1.82,1.64,1.27,1.27,0.98,2.09,1.61,1.35,0.96,1.4,1.19,1.34,1.26,1.08,1.17,0.99,0.99,0,0,0,0,0,0,0,0,0,0,0,0,0,0.13,0,0,0,0,0,0,0,0,0,0,0
MSR,Montserrat,4185,5,NA,2.34,2.86,2.39,2.47,2.07,2.47,2.39,3.04,2.94,2.49,2.39,2.69,3.61,2.72,2.72,2.22,2.29,2.19,2.6,2.62,2.59,2.71,2.59,2.81,2.22,0,0,0,0,0,0,0,0,0,0,0,0,0,0,0,0,0,0,0,0,0,0,0,0,0,NA,NA,NA,NA,NA,NA,NA,NA,NA,NA,NA,NA,NA,NA,NA,NA,NA,NA,NA,NA,NA,NA,NA,NA,NA
MAR,Morocco,35973141,5,NA,8.23,8.84,7.24,7.64,7.95,7.8,7.46,8.86,8.75,8.98,7.61,7.59,7.32,7.89,7.67,8.34,6.88,8.81,7.59,7.08,8.39,8.2,7.78,8.56,7.06,0.32,0.38,0.22,0.26,0.29,0.27,0.24,0.38,0.37,0.39,0.26,0.25,0.23,0.28,0.26,0.33,0.18,0.37,0.25,0.2,0.33,0.31,0.27,0.35,0.2,NA,NA,NA,NA,NA,NA,NA,NA,NA,NA,NA,NA,NA,NA,NA,NA,NA,NA,NA,NA,NA,NA,NA,NA,NA
MOZ,Mozambique,31589279,5,NA,14.68,11.69,11.05,15.81,12.81,13.56,12.53,14.87,13.75,15.71,14.35,13.11,14.76,12.45,12.99,12.72,11.13,12.41,11.37,10.86,12.79,12.93,10.13,10.67,12.7,0.95,0.66,0.59,1.06,0.77,0.84,0.74,0.97,0.86,1.05,0.92,0.79,0.96,0.73,0.78,0.76,0.6,0.73,0.62,0.57,0.76,0.78,0.5,0.56,0.75,NA,NA,NA,NA,NA,NA,NA,NA,NA,NA,NA,NA,NA,NA,NA,NA,NA,NA,NA,NA,NA,NA,NA,NA,NA
MMR,Myanmar,57254967,5,NA,25.4,26.07,23.26,26.2,27.13,27.52,31.1,30.07,30.49,33.26,30.87,34.66,33.47,30.61,30.4,32.41,33.03,31.03,32.43,29.74,31.5,33.25,33.69,33.89,28.64,2,2.06,1.79,2.08,2.17,2.21,2.56,2.46,2.5,2.77,2.54,2.91,2.79,2.51,2.49,2.69,2.75,2.55,2.69,2.42,2.6,2.77,2.81,2.83,2.32,NA,NA,NA,NA,NA,NA,NA,NA,NA,NA,NA,NA,NA,NA,NA,NA,NA,NA,NA,NA,NA,NA,NA,NA,NA
NAM,Namibia,2724421,5,NA,14.15,13.31,11.95,13.57,13.37,13.85,12.27,16.25,13.93,14.45,17.98,14.96,18.38,16.61,15.18,14.34,12.22,14.4,13.19,13.41,14.02,13.02,11.72,12.34,14.49,0.9,0.81,0.68,0.84,0.82,0.87,0.71,1.1,0.88,0.93,1.27,0.98,1.31,1.14,1,0.92,0.71,0.92,0.8,0.82,0.88,0.79,0.66,0.72,0.93,NA,NA,NA,NA,NA,NA,NA,NA,NA,NA,NA,NA,NA,NA,NA,NA,NA,NA,NA,NA,NA,NA,NA,NA,NA
NRU,Nauru,6093,5,NA,1.23,1.1,1.29,1.36,2.26,1.66,1.79,1.5,1.99,1.47,1.16,1.96,1.46,1.25,1.85,1.89,2.63,3.4,1.82,1.66,1.95,2.62,1.56,1.18,1.18,0,0,0,0,0,0,0,0,0,0,0,0,0,0,0,0,0,0,0,0,0,0,0,0,0,NA,NA,NA,NA,NA,NA,NA,NA,NA,NA,NA,NA,NA,NA,NA,NA,NA,NA,NA,NA,NA,NA,NA,NA,NA
NPL,Nepal,30713796,5,NA,26.27,27.75,34.89,39.72,35.64,36.66,39.18,37.47,42.77,43.37,45.02,49.19,42.34,44.47,43.84,41.54,41.99,44.17,44.7,44.35,48.81,45.46,43.36,47.93,39.18,2.08,2.23,2.93,3.4,3,3.1,3.35,3.18,3.7,3.76,3.92,4.33,3.66,3.87,3.81,3.58,3.63,3.84,3.89,3.86,4.29,3.97,3.76,4.21,3.35,NA,NA,NA,NA,NA,NA,NA,NA,NA,NA,NA,NA,NA,NA,NA,NA,NA,NA,NA,NA,NA,NA,NA,NA,NA
NLD,Netherlands,17352186,5,10,14.94,13.28,13.79,13.21,14.06,15.31,13.53,13.03,13.28,13.67,14.51,14.87,15.16,14.86,11.93,12.61,12.19,10.96,10.87,10.63,11.21,9.56,8.1,9.25,8.49,0.97,0.81,0.86,0.8,0.89,1.01,0.84,0.79,0.81,0.85,0.93,0.97,1,0.97,0.68,0.75,0.7,0.58,0.58,0.55,0.61,0.45,0.3,0.42,0.34,0.48,0.32,0.37,0.31,0.4,0.52,0.35,0.3,0.32,0.36,0.44,0.48,0.51,0.48,0.19,0.26,0.21,0.09,0.09,0.06,0.12,0,0,0,0
NCL,New Caledonia,278054,5,NA,2.61,2.39,3.09,3.29,2.96,2.63,2.76,2.68,2.51,3.08,3.6,3.18,3.31,3.5,3.16,3.28,3.04,2.95,3.54,3.17,3.4,3.95,2.97,3.3,4.35,0,0,0,0,0,0,0,0,0,0,0,0,0,0,0,0,0,0,0,0,0,0,0,0,0,NA,NA,NA,NA,NA,NA,NA,NA,NA,NA,NA,NA,NA,NA,NA,NA,NA,NA,NA,NA,NA,NA,NA,NA,NA
NZL,New Zealand,4900364,5,10,2.78,2.94,3.05,3.42,3.15,3.56,3.21,3.55,3.39,3.71,3.5,3.42,3.65,3.63,3.36,3.64,3.21,3.21,3.14,3.7,3.39,4.73,3.76,3.55,3.69,0,0,0,0,0,0,0,0,0,0,0,0,0,0,0,0,0,0,0,0,0,0,0,0,0,0,0,0,0,0,0,0,0,0,0,0,0,0,0,0,0,0,0,0,0,0,0,0,0,0
NIC,Nicaragua,6275788,5,NA,16.31,12.08,12.5,14.87,14.06,15.96,14.23,17.76,14.79,16.21,15.37,13.19,17.62,16.75,13.49,14.44,11.96,12.2,14.19,14.75,13.3,13.75,15.01,13.31,14.62,1.11,0.69,0.74,0.97,0.89,1.07,0.9,1.25,0.96,1.1,1.02,0.8,1.24,1.15,0.83,0.93,0.68,0.71,0.9,0.96,0.81,0.86,0.98,0.81,0.94,NA,NA,NA,NA,NA,NA,NA,NA,NA,NA,NA,NA,NA,NA,NA,NA,NA,NA,NA,NA,NA,NA,NA,NA,NA
NER,Niger,24472789,5,NA,9.23,7.62,7.68,7.61,8.01,8.95,8.77,9.37,9.97,9.59,9.87,10.3,11.49,9.62,10.8,8.51,9.39,9.84,9.8,10.16,10.24,9.73,9.69,8.5,10.56,0.41,0.26,0.26,0.26,0.29,0.39,0.37,0.43,0.49,0.45,0.48,0.52,0.64,0.45,0.57,0.34,0.43,0.47,0.47,0.51,0.51,0.46,0.46,0.34,0.54,NA,NA,NA,NA,NA,NA,NA,NA,NA,NA,NA,NA,NA,NA,NA,NA,NA,NA,NA,NA,NA,NA,NA,NA,NA
NGA,Nigeria,224204738,5,20,21.17,18.17,21.2,22.37,22.55,22.04,23.61,24.1,22.64,23.57,25.13,23.38,25.5,23.66,23.85,21.32,21.39,23.24,24.93,24.97,25.25,24.52,25.29,23.86,25.02,1.58,1.29,1.59,1.7,1.72,1.67,1.82,1.87,1.73,1.82,1.97,1.8,2.01,1.83,1.85,1.6,1.61,1.79,1.95,1.96,1.98,1.91,1.99,1.85,1.96,0.11,0,0.12,0.23,0.25,0.2,0.35,0.4,0.26,0.35,0.5,0.33,0.54,0.36,0.38,0.13,0.14,0.32,0.48,0.49,0.51,0.44,0.52,0.38,0.49
NIU,Niue,1614,5,NA,0.7,0.7,1,0.8,1,0.9,1,1.1,1.1,0.9,1,1.1,0.9,0.8,1,1,0.9,0.9,0.8,1.1,1,0.9,1,0.9,1.2,0,0,0,0,0,0,0,0,0,0,0,0,0,0,0,0,0,0,0,0,0,0,0,0,0,NA,NA,NA,NA,NA,NA,NA,NA,NA,NA,NA,NA,NA,NA,NA,NA,NA,NA,NA,NA,NA,NA,NA,NA,NA
NFK,Norfolk Island,2145,5,NA,1.6,1.5,1.7,1.6,1.9,1.7,1.7,1.7,1.8,1.7,1.5,1.9,1.6,1.7,1.6,1.7,1.8,1.7,1.7,1.8,1.7,3.1,2,1.8,1.6,0,0,0,0,0,0,0,0,0,0,0,0,0,0,0,0,0,0,0,0,0,0,0,0,0,NA,NA,NA,NA,NA,NA,NA,NA,NA,NA,NA,NA,NA,NA,NA,NA,NA,NA,NA,NA,NA,NA,NA,NA,NA
PRK,North Korea,25771391,5,NA,19.77,18.86,20.96,22.46,19.98,29.35,22.82,24.64,29.03,25.44,26.97,25.8,20.5,24.56,23.96,23.24,29.58,28.87,25.61,23.66,20.56,21.13,21.83,20.92,18.6,1.45,1.36,1.56,1.71,1.47,2.39,1.75,1.92,2.35,2,2.15,2.04,1.52,1.92,1.86,1.79,2.41,2.34,2.02,1.83,1.52,1.58,1.65,1.56,1.33,NA,NA,NA,NA,NA,NA,NA,NA,NA,NA,NA,NA,NA,NA,NA,NA,NA,NA,NA,NA,NA,NA,NA,NA,NA
ZNC,Northern Cyprus,424874,5,NA,11.89,11.83,13.5,12.7,11.19,11.2,10.43,11.42,11.71,12.72,12.13,13.16,11.11,16.67,18.3,12.31,12.16,12.04,11.7,11.86,10.66,10.23,12.28,11.18,14.51,0.68,0.67,0.83,0.75,0.61,0.61,0.53,0.63,0.66,0.76,0.7,0.8,0.6,1.14,1.3,0.72,0.7,0.69,0.66,0.67,0.55,0.51,0.71,0.61,0.93,NA,NA,NA,NA,NA,NA,NA,NA,NA,NA,NA,NA,NA,NA,NA,NA,NA,NA,NA,NA,NA,NA,NA,NA,NA
MNP,Northern Mariana Islands,48457,5,9,0.8,0.8,0.9,0.99,1.1,1.2,1.29,1.31,1.29,1.19,1.47,1.19,1.09,1.09,1.59,1.29,1.39,1.5,0.99,1.18,0.89,0.99,0.79,0.89,1.09,0,0,0,0,0,0,0,0,0,0,0,0,0,0,0,0,0,0,0,0,0,0,0,0,0,0,0,0,0,0,0,0,0,0,0,0,0,0,0,0,0,0,0,0,0,0,0,0,0,0
NOR,Norway,4996028,5,5,7.64,7.51,7.3,6.96,7.42,7.86,6.48,6.37,7.26,5.97,6.14,6.71,7.12,6.97,5.87,5.86,6.06,5.04,5.38,4.88,5.88,5.05,4.25,5.51,4.88,0.26,0.25,0.23,0.19,0.24,0.28,0.15,0.13,0.22,0.1,0.11,0.17,0.21,0.19,0.09,0.08,0.1,0,0.04,0,0.09,0,0,0.05,0,0.26,0.25,0.23,0.19,0.24,0.28,0.15,0.13,0.22,0.1,0.11,0.17,0.21,0.19,0.09,0.08,0.1,0,0.04,0,0.09,0,0,0.05,0
OMN,Oman,3672632,5,NA,8.39,9.51,10.32,9.01,10.01,9.01,8.62,8.83,11.1,9.94,11.18,13.16,11.78,11.57,12.58,11.83,12.04,11.54,11.99,11,12.44,11.97,9.76,11.11,13.44,0.33,0.44,0.52,0.39,0.49,0.39,0.35,0.38,0.6,0.48,0.61,0.8,0.66,0.64,0.74,0.67,0.69,0.64,0.69,0.59,0.73,0.68,0.47,0.6,0.83,NA,NA,NA,NA,NA,NA,NA,NA,NA,NA,NA,NA,NA,NA,NA,NA,NA,NA,NA,NA,NA,NA,NA,NA,NA
PAK,Pakistan,242780172,5,15,28.85,27.26,29.81,31.83,31.77,33.31,32.74,35.31,38.32,38.66,36.63,36.16,41.85,40.41,36.86,38.94,38.31,42.24,40.55,39.91,39.36,40.62,42.84,43.17,38.9,2.34,2.18,2.43,2.63,2.62,2.77,2.72,2.97,3.27,3.3,3.1,3.05,3.61,3.47,3.12,3.33,3.26,3.65,3.48,3.42,3.37,3.49,3.71,3.74,3.32,1.36,1.2,1.45,1.65,1.64,1.79,1.74,1.99,2.29,2.32,2.12,2.07,2.63,2.49,2.14,2.35,2.28,2.67,2.5,2.44,2.39,2.51,2.73,2.76,2.34
PLW,Palau,19050,5,12,1.1,1.78,1.88,2.38,2.98,2.97,3.38,2.89,3.36,2.6,2.31,4.49,1.5,2.9,3.2,2.6,3.9,5.08,2.39,2.18,2.58,2.91,2,2.51,2.4,0,0,0,0,0,0,0,0,0,0,0,0,0,0,0,0,0,0.01,0,0,0,0,0,0,0,0,0,0,0,0,0,0,0,0,0,0,0,0,0,0,0,0,0,0,0,0,0,0,0,0
PSE,Palestine,5008666,5,NA,10.22,10.63,13.76,12.08,11,10.38,10.06,10.26,11.2,11.3,11.18,11,10.78,11.84,12.52,10.44,10.38,12.24,11.04,11.85,11.88,11.18,13.35,12.67,13.99,0.51,0.55,0.86,0.69,0.59,0.53,0.5,0.52,0.61,0.62,0.61,0.59,0.57,0.67,0.74,0.53,0.53,0.71,0.59,0.67,0.67,0.61,0.82,0.75,0.88,NA,NA,NA,NA,NA,NA,NA,NA,NA,NA,NA,NA,NA,NA,NA,NA,NA,NA,NA,NA,NA,NA,NA,NA,NA
PAN,Panama,4292094,5,15,8.33,6.44,7.05,9.15,7.92,9.5,8.05,9.59,9.27,9.23,8.83,9.1,11.09,10.23,10,9.49,9.44,9.44,9.93,9.79,9.29,9.59,9.19,8.76,9.65,0.33,0.14,0.2,0.41,0.29,0.44,0.3,0.45,0.42,0.41,0.38,0.4,0.6,0.51,0.49,0.44,0.44,0.44,0.48,0.47,0.42,0.45,0.41,0.37,0.46,0,0,0,0,0,0,0,0,0,0,0,0,0,0,0,0,0,0,0,0,0,0,0,0,0
PNG,Papua New Guinea,9321025,5,NA,3.93,4.45,8.37,10.93,10.48,10.36,12.48,11.26,12.64,13.18,14.3,13.18,14.33,12.53,11.63,13.38,12.89,12.69,11.6,12.74,12.31,11.84,11.44,13.03,14.45,0,0,0.33,0.58,0.54,0.53,0.73,0.61,0.75,0.8,0.91,0.8,0.91,0.74,0.65,0.82,0.77,0.75,0.65,0.76,0.72,0.67,0.63,0.79,0.93,NA,NA,NA,NA,NA,NA,NA,NA,NA,NA,NA,NA,NA,NA,NA,NA,NA,NA,NA,NA,NA,NA,NA,NA,NA
XPI,Paracel Islands,237,5,NA,6.2,5,6.4,5.9,5.8,6.5,7.8,6.8,8.4,8.3,7.8,8,5.8,8,5.7,7.4,7.2,6.8,6.9,5.6,6.2,4.8,3.9,4.2,4,0.12,0,0.14,0.09,0.08,0.15,0.27,0.18,0.33,0.32,0.27,0.29,0.08,0.29,0.07,0.24,0.22,0.18,0.19,0.06,0.12,0,0,0,0,NA,NA,NA,NA,NA,NA,NA,NA,NA,NA,NA,NA,NA,NA,NA,NA,NA,NA,NA,NA,NA,NA,NA,NA,NA
PRY,Paraguay,7347726,5,15,14.27,17.64,13.62,15.31,19.79,16.64,16.03,16.49,15.02,21.58,13.78,13.44,15.39,13.1,13.19,11.08,13.03,14.01,12.95,13.22,12.02,15.28,18.64,14.79,13.23,0.91,1.24,0.84,1.01,1.45,1.14,1.08,1.13,0.98,1.62,0.86,0.83,1.02,0.79,0.8,0.6,0.79,0.88,0.78,0.81,0.69,1.01,1.34,0.96,0.81,0,0.26,0,0.03,0.47,0.16,0.1,0.15,0,0.64,0,0,0.04,0,0,0,0,0,0,0,0,0.03,0.36,0,0
PER,Peru,32210444,5,25,19.41,18.28,20.83,23.84,23.77,25.9,25.29,26.99,24.79,24.69,23.11,22.76,25.58,23.86,23.45,23.41,21.47,23.08,24.78,24.68,23.9,23.93,22.82,22.29,25.48,1.41,1.3,1.55,1.85,1.84,2.05,1.99,2.16,1.94,1.93,1.77,1.74,2.02,1.85,1.81,1.8,1.61,1.77,1.94,1.93,1.85,1.86,1.75,1.69,2.01,0,0,0,0,0,0.09,0.03,0.2,0,0,0,0,0.06,0,0,0,0,0,0,0,0,0,0,0,0.05
PHL,Philippines,111444111,5,25,15.09,14.23,17.11,17.99,17.96,18.42,20.19,21.62,19.59,19.83,19.15,21.53,19.33,20.45,18.43,18.59,19.11,18.92,18.18,19.13,17.65,19.82,18.72,19.23,19.17,0.99,0.9,1.19,1.27,1.27,1.32,1.49,1.63,1.43,1.45,1.39,1.62,1.4,1.51,1.32,1.33,1.38,1.36,1.29,1.38,1.24,1.45,1.34,1.39,1.39,0,0,0,0,0,0,0,0,0,0,0,0,0,0,0,0,0,0,0,0,0,0,0,0,0
PCN,Pitcairn Islands,22,5,NA,0.8,1,1.1,1.1,1.3,1.2,1.3,1.5,1.6,1.6,1.6,1.8,1.6,1.6,2.1,1.9,1.5,1.6,1.5,1.6,1.7,1.9,2,2,2.5,0,0,0,0,0,0,0,0,0,0,0,0,0,0,0,0,0,0,0,0,0,0,0,0,0,NA,NA,NA,NA,NA,NA,NA,NA,NA,NA,NA,NA,NA,NA,NA,NA,NA,NA,NA,NA,NA,NA,NA,NA,NA
POL,Poland,38077964,5,10,26.45,25,23.36,25.74,28.5,27.16,23.49,24.62,26.76,21,20.63,23.21,27.09,24.62,22.49,21.62,21.99,20.42,19.97,20.55,20.11,16.68,15.55,17.73,14.09,2.1,1.96,1.8,2.03,2.3,2.17,1.81,1.92,2.13,1.57,1.53,1.78,2.16,1.92,1.71,1.63,1.67,1.51,1.47,1.52,1.48,1.14,1.03,1.25,0.89,1.61,1.47,1.31,1.54,1.81,1.68,1.32,1.43,1.64,1.08,1.04,1.29,1.67,1.43,1.22,1.14,1.18,1.02,0.98,1.03,0.99,0.65,0.54,0.76,0.4
PRT,Portugal,10135371,5,10,10.24,9.18,8.89,9.31,9.45,10.43,9.01,13.55,9.53,9.59,6.1,6.79,6.8,7.29,6.36,6.78,5.49,6.82,6.45,6.69,6.53,5.55,6.15,6.38,5.67,0.51,0.41,0.38,0.42,0.44,0.53,0.39,0.84,0.44,0.45,0.11,0.18,0.18,0.22,0.13,0.17,0.05,0.18,0.14,0.17,0.15,0.05,0.11,0.14,0.07,0.02,0,0,0,0,0.04,0,0.35,0,0,0,0,0,0,0,0,0,0,0,0,0,0,0,0,0
PRI,Puerto Rico,3059504,5,9,2.63,3.57,2.9,3.11,2.47,2.71,2.32,3.25,3.2,2.83,2.33,2.54,3.51,2.33,2.45,2.26,2.35,2.17,2.45,2.87,2.73,2.86,2.71,3,2.21,0,0,0,0,0,0,0,0,0,0,0,0,0,0,0,0,0,0,0,0,0,0,0,0,0,0,0,0,0,0,0,0,0,0,0,0,0,0,0,0,0,0,0,0,0,0,0,0,0,0
QAT,Qatar,2472833,5,NA,24.25,22.98,25.5,21.66,25.25,21.46,21.64,22.51,26.97,26.01,29.34,32.05,33.4,31.25,33.97,30.31,32.51,31.73,32.96,35.44,33.93,35.64,30.94,32.84,39.16,1.89,1.76,2.01,1.63,1.98,1.61,1.63,1.72,2.15,2.06,2.39,2.65,2.78,2.57,2.84,2.48,2.7,2.62,2.74,2.98,2.84,3,2.54,2.73,3.35,NA,NA,NA,NA,NA,NA,NA,NA,NA,NA,NA,NA,NA,NA,NA,NA,NA,NA,NA,NA,NA,NA,NA,NA,NA
REU,Réunion,857120,5,NA,2.77,2.53,2.61,2.85,2.68,2.79,3.05,3.59,2.99,3.19,2.99,2.98,3.38,3.43,3.09,3.22,2.73,3.12,3.26,3.16,3.34,3.4,2.72,2.88,2.74,0,0,0,0,0,0,0,0,0,0,0,0,0,0,0,0,0,0,0,0,0,0,0,0,0,NA,NA,NA,NA,NA,NA,NA,NA,NA,NA,NA,NA,NA,NA,NA,NA,NA,NA,NA,NA,NA,NA,NA,NA,NA
COG,Republic of the Congo,5587326,5,NA,27.33,21.58,26.39,30.27,30.1,25.51,28.7,28.79,24.19,26.2,31.9,29.53,33.04,29.83,29.77,33.05,30.78,31.74,30.7,26.82,29.6,30.09,31.48,30.97,31.94,2.19,1.62,2.1,2.48,2.46,2.01,2.32,2.33,1.88,2.08,2.64,2.4,2.75,2.43,2.43,2.75,2.53,2.62,2.52,2.14,2.41,2.46,2.6,2.55,2.64,NA,NA,NA,NA,NA,NA,NA,NA,NA,NA,NA,NA,NA,NA,NA,NA,NA,NA,NA,NA,NA,NA,NA,NA,NA
ROU,Romania,18517938,5,10,20.48,19.71,18.79,19.89,21.06,20.78,19.49,20.12,21.11,18.22,17.62,17.45,16.12,20.97,19.07,16.05,15.58,16.37,16.11,18.12,16.14,14.23,14.29,14.12,13.67,1.52,1.44,1.35,1.46,1.57,1.55,1.42,1.48,1.58,1.3,1.24,1.22,1.09,1.57,1.38,1.08,1.04,1.11,1.09,1.29,1.09,0.9,0.91,0.89,0.85,1.03,0.95,0.86,0.97,1.08,1.06,0.93,0.99,1.09,0.81,0.75,0.73,0.6,1.08,0.89,0.59,0.55,0.62,0.6,0.8,0.6,0.41,0.42,0.4,0.36
RUS,Russia,140832572,5,25,14.85,14.01,13.29,13.63,15.46,14.33,13,13.34,14.43,12.06,12.92,13.54,15.82,11.99,13.13,11.85,12.13,10.94,11.83,11.69,10.54,10.94,9.9,10.75,9.3,0.97,0.88,0.81,0.85,1.03,0.91,0.78,0.82,0.92,0.69,0.78,0.84,1.06,0.69,0.8,0.67,0.7,0.58,0.67,0.66,0.54,0.58,0.48,0.56,0.42,0,0,0,0,0,0,0,0,0,0,0,0,0,0,0,0,0,0,0,0,0,0,0,0,0
RWA,Rwanda,13164574,5,35,28.61,20.27,33.65,39.65,34.67,29.79,36.16,36.35,30.76,40.17,37.77,34.29,37.42,37.79,37.11,37.79,33.56,35.92,36.18,30.66,29.64,37.86,36.01,34.47,33.37,2.31,1.5,2.81,3.4,2.91,2.43,3.05,3.07,2.52,3.45,3.21,2.87,3.18,3.21,3.15,3.21,2.8,3.03,3.06,2.51,2.41,3.22,3.04,2.89,2.78,0,0,0,0.46,0,0,0.11,0.13,0,0.51,0.27,0,0.24,0.27,0.21,0.27,0,0.09,0.12,0,0,0.28,0.1,0,0
STP,São Tomé and Príncipe,201897,5,NA,10.72,7.09,12.94,12.25,10.65,9.81,10.14,9.26,8.15,10.01,10.14,9.15,9.87,10.65,11.47,11.87,8.67,12.61,11.49,9.68,9.18,9.55,10.45,9.88,10.28,0.56,0.2,0.78,0.71,0.55,0.47,0.5,0.42,0.31,0.49,0.5,0.41,0.48,0.55,0.63,0.67,0.36,0.75,0.64,0.46,0.41,0.45,0.53,0.48,0.52,NA,NA,NA,NA,NA,NA,NA,NA,NA,NA,NA,NA,NA,NA,NA,NA,NA,NA,NA,NA,NA,NA,NA,NA,NA
SHN,Saint Helena Ascension and Tris,7633,5,NA,3.04,2.41,2.62,2.05,2.2,2.75,2.64,3.05,2.6,3.2,3.08,2.86,2.86,3.16,2.58,2.63,2.15,2.49,2.4,2.61,2.1,2.85,2.25,2.4,2.75,0,0,0,0,0,0,0,0,0,0,0,0,0,0,0,0,0,0,0,0,0,0,0,0,0,NA,NA,NA,NA,NA,NA,NA,NA,NA,NA,NA,NA,NA,NA,NA,NA,NA,NA,NA,NA,NA,NA,NA,NA,NA
KNA,Saint Kitts and Nevis,51256,5,NA,2.64,3.06,2.8,2.92,2.44,2.77,2.56,3.46,3.1,2.69,2.57,2.91,3.67,2.71,2.96,2.29,2.45,2.34,2.6,2.83,2.63,2.82,2.66,2.92,2.36,0,0,0,0,0,0,0,0,0,0,0,0,0,0,0,0,0,0,0,0,0,0,0,0,0,NA,NA,NA,NA,NA,NA,NA,NA,NA,NA,NA,NA,NA,NA,NA,NA,NA,NA,NA,NA,NA,NA,NA,NA,NA
LCA,Saint Lucia,160935,5,NA,2,2.67,2.06,2.48,1.96,2.17,2.13,2.56,2.21,2.03,2.11,2.41,2.99,2.23,2.25,1.87,1.69,1.8,2.16,2.26,2.06,2.16,2.16,2.34,2.02,0,0,0,0,0,0,0,0,0,0,0,0,0,0,0,0,0,0,0,0,0,0,0,0,0,NA,NA,NA,NA,NA,NA,NA,NA,NA,NA,NA,NA,NA,NA,NA,NA,NA,NA,NA,NA,NA,NA,NA,NA,NA
SPM,Saint Pierre and Miquelon,5039,5,NA,4.88,4.78,4.18,3.78,4.3,4.28,3.52,3.68,3.98,3.22,3.48,3.88,3.7,3.86,3.26,4.58,4.08,4.28,3.2,4.06,3.48,3.1,4.08,4.28,3.38,0,0,0,0,0,0,0,0,0,0,0,0,0,0,0,0,0,0,0,0,0,0,0,0,0,NA,NA,NA,NA,NA,NA,NA,NA,NA,NA,NA,NA,NA,NA,NA,NA,NA,NA,NA,NA,NA,NA,NA,NA,NA
VCT,Saint Vincent and the Grenadines,91724,5,NA,1.97,2.53,2.09,2.49,2.1,2.22,2.18,2.48,2.23,2.13,2.18,2.47,3.07,2.23,2.43,1.98,1.84,1.98,2.24,2.44,2.15,2.25,2.25,2.36,2.15,0,0,0,0,0,0,0,0,0,0,0,0,0,0,0,0,0,0,0,0,0,0,0,0,0,NA,NA,NA,NA,NA,NA,NA,NA,NA,NA,NA,NA,NA,NA,NA,NA,NA,NA,NA,NA,NA,NA,NA,NA,NA
BLM,Saint-Barthélemy,9677,5,NA,2.47,3.07,2.67,2.77,2.11,2.37,2.11,3.01,2.51,2.26,2.16,2.41,3.41,2.26,2.81,2.06,2.11,1.96,2.26,2.46,2.16,2.21,2.31,2.41,1.96,0,0,0,0,0,0,0,0,0,0,0,0,0,0,0,0,0,0,0,0,0,0,0,0,0,NA,NA,NA,NA,NA,NA,NA,NA,NA,NA,NA,NA,NA,NA,NA,NA,NA,NA,NA,NA,NA,NA,NA,NA,NA
MAF,Saint-Martin,30591,5,NA,2.3,2.9,2.5,2.7,2.1,2.4,2.1,2.9,2.5,2.2,2,2.2,3.1,2,2.5,1.8,1.9,1.9,2.1,2.3,2,2.1,2.1,2.2,1.8,0,0,0,0,0,0,0,0,0,0,0,0,0,0,0,0,0,0,0,0,0,0,0,0,0,NA,NA,NA,NA,NA,NA,NA,NA,NA,NA,NA,NA,NA,NA,NA,NA,NA,NA,NA,NA,NA,NA,NA,NA,NA
WSM,Samoa,184409,5,NA,0.87,1.05,1.43,1.33,1.46,1.47,1.25,1.81,1.58,1.77,1.39,1.58,1.32,1.22,1.49,1.39,1.51,1.87,1.57,1.68,1.69,1.48,1.38,1.23,1.69,0,0,0,0,0,0,0,0,0,0,0,0,0,0,0,0,0,0,0,0,0,0,0,0,0,NA,NA,NA,NA,NA,NA,NA,NA,NA,NA,NA,NA,NA,NA,NA,NA,NA,NA,NA,NA,NA,NA,NA,NA,NA
SMR,San Marino,35134,5,NA,15.42,14.47,15.59,14.89,16.47,17.47,13.99,16.21,20.06,16.04,12.57,13.09,13.71,15.38,13.67,12.91,9.41,14.16,10.97,12.29,10.65,9.58,10.83,9.84,13.51,1.02,0.93,1.04,0.97,1.12,1.22,0.88,1.1,1.48,1.08,0.74,0.79,0.85,1.02,0.85,0.78,0.43,0.9,0.59,0.71,0.55,0.45,0.57,0.47,0.83,NA,NA,NA,NA,NA,NA,NA,NA,NA,NA,NA,NA,NA,NA,NA,NA,NA,NA,NA,NA,NA,NA,NA,NA,NA
SAU,Saudi Arabia,33983136,5,15,16.35,19.35,20.93,17.53,18.37,18.16,16.43,18.36,21.01,20.97,22.32,22.86,24.05,25.26,25.51,22.25,24.71,25.53,25.01,27.47,24.92,25.08,23.14,25.15,27.5,1.11,1.41,1.56,1.23,1.31,1.29,1.12,1.31,1.57,1.57,1.7,1.75,1.87,1.99,2.01,1.69,1.93,2.01,1.96,2.2,1.95,1.97,1.78,1.97,2.2,0.13,0.43,0.58,0.25,0.33,0.31,0.14,0.33,0.59,0.59,0.72,0.77,0.89,1.01,1.03,0.71,0.95,1.03,0.98,1.22,0.97,0.99,0.8,0.99,1.23
SEN,Senegal,17736968,5,NA,5.51,5.66,5.18,4.31,3.93,4.97,4.5,4.94,5.1,4.9,5.2,5.37,5.79,5.24,5.78,5.22,5.03,5.82,4.99,5.28,4.79,5.61,5.74,5.78,5.67,0.05,0.06,0.02,0,0,0,0,0,0.01,0,0.02,0.04,0.08,0.02,0.08,0.02,0,0.08,0,0.03,0,0.06,0.07,0.08,0.07,NA,NA,NA,NA,NA,NA,NA,NA,NA,NA,NA,NA,NA,NA,NA,NA,NA,NA,NA,NA,NA,NA,NA,NA,NA
SRB,Serbia,6770743,5,25,23.81,22.23,19.73,22.14,22.2,23.83,21.49,23.35,23.83,20.83,20.54,22.37,18.67,26.52,23.21,21.04,18.32,20.95,20.79,21.07,20.24,17.97,18.2,17.21,16.95,1.84,1.69,1.44,1.68,1.69,1.85,1.62,1.8,1.85,1.55,1.52,1.7,1.34,2.11,1.78,1.57,1.31,1.56,1.55,1.57,1.49,1.27,1.29,1.2,1.17,0,0,0,0,0,0,0,0,0,0,0,0,0,0.15,0,0,0,0,0,0,0,0,0,0,0
SYC,Seychelles,84686,5,NA,3.46,3.85,4.35,3.48,4,4.89,4.55,4.46,5.26,5.63,4.35,6.03,4.96,5.41,5.17,5.15,4.9,4.24,5.71,5.83,5.19,5.66,3.94,4.63,4.96,0,0,0,0,0,0,0,0,0.03,0.06,0,0.1,0,0.04,0.02,0.01,0,0,0.07,0.08,0.02,0.06,0,0,0,NA,NA,NA,NA,NA,NA,NA,NA,NA,NA,NA,NA,NA,NA,NA,NA,NA,NA,NA,NA,NA,NA,NA,NA,NA
SLE,Sierra Leone,8600687,5,NA,16.8,13.49,11.97,10.91,10.13,11.06,12.1,11.48,10.94,11.01,11.67,13.64,12.01,11.78,10.48,11.89,11.47,11.05,11.36,10.68,10.69,11.2,10.24,9.82,9.87,1.16,0.83,0.68,0.58,0.5,0.59,0.7,0.64,0.58,0.59,0.65,0.85,0.69,0.66,0.54,0.68,0.63,0.59,0.62,0.56,0.56,0.61,0.51,0.47,0.48,NA,NA,NA,NA,NA,NA,NA,NA,NA,NA,NA,NA,NA,NA,NA,NA,NA,NA,NA,NA,NA,NA,NA,NA,NA
SGP,Singapore,5897812,5,10,12.07,13.64,16.09,16,19.25,14.73,17.24,16.39,26.09,14.8,13.68,19.78,12.91,15.93,17.99,24.19,19.04,25.34,14.49,13.84,15.07,18.04,11.73,13.31,13.89,0.69,0.85,1.09,1.08,1.4,0.95,1.2,1.12,2.07,0.96,0.85,1.45,0.78,1.07,1.27,1.88,1.38,1.99,0.93,0.87,0.99,1.28,0.66,0.81,0.87,0.2,0.36,0.6,0.59,0.91,0.46,0.71,0.63,1.58,0.47,0.36,0.96,0.29,0.58,0.78,1.39,0.89,1.5,0.44,0.38,0.5,0.79,0.17,0.32,0.38
SXM,Sint Maarten,38882,5,NA,2.4,3.1,2.6,2.9,2.2,2.5,2.2,3.2,2.7,2.4,2.2,2.4,3.4,2.3,2.8,2.1,2.1,2.1,2.4,2.6,2.3,2.4,2.4,2.5,2,0,0,0,0,0,0,0,0,0,0,0,0,0,0,0,0,0,0,0,0,0,0,0,0,0,NA,NA,NA,NA,NA,NA,NA,NA,NA,NA,NA,NA,NA,NA,NA,NA,NA,NA,NA,NA,NA,NA,NA,NA,NA
SVK,Slovakia,5435410,5,10,23.06,22.77,20.57,23.2,24.53,23.76,20.96,22.68,23.93,17.61,17.52,19.82,20.8,22.28,19.21,18.76,16.91,17.54,16.33,17.29,16.2,13.54,13.23,14.22,12.1,1.77,1.74,1.53,1.78,1.91,1.84,1.56,1.73,1.86,1.24,1.23,1.45,1.55,1.69,1.39,1.35,1.17,1.23,1.11,1.2,1.1,0.84,0.81,0.9,0.7,1.28,1.25,1.04,1.29,1.42,1.35,1.07,1.24,1.37,0.75,0.74,0.96,1.06,1.2,0.9,0.86,0.68,0.74,0.62,0.71,0.61,0.35,0.32,0.41,0.21
SVN,Slovenia,2068883,5,10,19.57,18.54,18.38,20.34,20.74,20.9,19.1,20.55,20.86,16.77,16.81,17.08,17.88,20.32,16.52,15.78,13.41,16.37,14.99,15.52,15.08,11.77,12.67,11.89,12.32,1.43,1.33,1.31,1.5,1.54,1.56,1.38,1.52,1.55,1.15,1.16,1.18,1.26,1.5,1.13,1.06,0.82,1.11,0.98,1.03,0.99,0.66,0.75,0.68,0.72,0.94,0.84,0.82,1.01,1.05,1.07,0.89,1.03,1.06,0.66,0.67,0.69,0.77,1.01,0.64,0.57,0.33,0.62,0.49,0.54,0.5,0.17,0.26,0.19,0.23
SLB,Solomon Islands,561270,5,NA,2.56,2.11,3.53,4.09,4.63,4.02,5.03,4.4,5.9,6.78,4.71,6.62,6.27,5.71,6.16,7.86,7.58,7.18,7.32,8.37,7.52,7.08,6.58,5.78,7.02,0,0,0,0,0,0,0,0,0.09,0.17,0,0.16,0.12,0.07,0.11,0.28,0.25,0.21,0.23,0.33,0.25,0.2,0.15,0.08,0.2,NA,NA,NA,NA,NA,NA,NA,NA,NA,NA,NA,NA,NA,NA,NA,NA,NA,NA,NA,NA,NA,NA,NA,NA,NA
SOM,Somalia,12319239,5,NA,5.77,7.51,7.82,7.34,7.98,8.27,9.23,8.19,9.24,9.62,8.01,9.42,9.41,10.16,9.05,8.25,8.43,8.74,8.64,8.48,9.39,9.04,7.26,8.77,8.9,0.08,0.25,0.28,0.23,0.29,0.32,0.41,0.31,0.42,0.45,0.29,0.43,0.43,0.51,0.4,0.32,0.34,0.37,0.36,0.34,0.43,0.4,0.22,0.37,0.38,NA,NA,NA,NA,NA,NA,NA,NA,NA,NA,NA,NA,NA,NA,NA,NA,NA,NA,NA,NA,NA,NA,NA,NA,NA
ZAF,South Africa,57489367,5,20,23.06,21.82,22.09,22.86,22.14,21.75,22.57,23.61,23.24,22.4,23.58,22.87,27.01,23.21,22.98,22.51,21.17,23.33,21.07,22.99,22.72,22.74,22.33,21.82,23.26,1.77,1.65,1.67,1.75,1.68,1.64,1.72,1.82,1.79,1.71,1.82,1.75,2.16,1.78,1.76,1.72,1.58,1.8,1.57,1.76,1.74,1.74,1.7,1.65,1.79,0.3,0.18,0.2,0.28,0.21,0.17,0.25,0.35,0.32,0.24,0.35,0.28,0.69,0.31,0.29,0.25,0.11,0.33,0.1,0.29,0.27,0.27,0.23,0.18,0.32
SGS,South Georgia and the South Sand,NA,5,NA,NA,NA,NA,NA,NA,NA,NA,NA,NA,NA,NA,NA,NA,NA,NA,NA,NA,NA,NA,NA,NA,NA,NA,NA,NA,NA,NA,NA,NA,NA,NA,NA,NA,NA,NA,NA,NA,NA,NA,NA,NA,NA,NA,NA,NA,NA,NA,NA,NA,NA,NA,NA,NA,NA,NA,NA,NA,NA,NA,NA,NA,NA,NA,NA,NA,NA,NA,NA,NA,NA,NA,NA,NA,NA,NA
KOR,South Korea,51559617,5,15,17.56,17.52,21.44,20.83,19.01,25.68,20.88,21.93,23.44,23.06,23.04,22.13,20.92,20.69,21.44,23.36,24.25,23.03,22.71,20.45,20.25,21.06,19.9,19.78,20.82,1.23,1.23,1.61,1.55,1.37,2.03,1.56,1.66,1.81,1.77,1.77,1.68,1.56,1.54,1.61,1.8,1.89,1.77,1.74,1.51,1.49,1.57,1.46,1.45,1.55,0.25,0.25,0.63,0.57,0.39,1.05,0.58,0.68,0.83,0.79,0.79,0.7,0.58,0.56,0.63,0.82,0.91,0.79,0.76,0.53,0.51,0.59,0.48,0.47,0.57
SSD,South Sudan,11564052,5,NA,17.5,12.95,14.92,15.84,15.05,16.02,14.71,15.95,14.9,17.22,15.87,15.76,17.17,18.65,16.88,17.04,16.92,16.03,16.62,16.95,15.24,16.45,16.35,17.45,15.97,1.23,0.78,0.97,1.06,0.98,1.08,0.95,1.07,0.97,1.2,1.07,1.05,1.19,1.34,1.16,1.18,1.17,1.08,1.14,1.17,1,1.12,1.11,1.22,1.08,NA,NA,NA,NA,NA,NA,NA,NA,NA,NA,NA,NA,NA,NA,NA,NA,NA,NA,NA,NA,NA,NA,NA,NA,NA
ESP,Spain,46593538,5,10,9.07,8.77,9.45,9.72,10.02,9.81,9.62,10.09,9.93,10.42,8.29,8.97,8.01,8.86,8.29,7.94,6.97,7.9,7.09,7.24,7.51,7.13,6.93,7.02,7.5,0.4,0.37,0.44,0.46,0.49,0.47,0.45,0.5,0.48,0.53,0.32,0.39,0.29,0.38,0.32,0.29,0.19,0.28,0.2,0.22,0.25,0.21,0.19,0.2,0.24,0,0,0,0,0,0,0,0.01,0,0.04,0,0,0,0,0,0,0,0,0,0,0,0,0,0,0
XSP,Spratly Islands,111,5,NA,0,0,0,0,0,0,0,0,0,0,0,0,0,0,0,0,0,0,0,0,0,0,0,0,0,0,0,0,0,0,0,0,0,0,0,0,0,0,0,0,0,0,0,0,0,0,0,0,0,0,NA,NA,NA,NA,NA,NA,NA,NA,NA,NA,NA,NA,NA,NA,NA,NA,NA,NA,NA,NA,NA,NA,NA,NA,NA
LKA,Sri Lanka,22945888,5,25,12.57,14.01,16.47,19.36,18.43,20.33,19.32,22.28,21.92,22.38,21.88,23.06,23.96,24.15,21.88,21.87,21.15,19.7,20.71,20.12,23.88,20.4,19.22,17.99,19.13,0.74,0.88,1.12,1.41,1.32,1.5,1.4,1.69,1.66,1.7,1.65,1.77,1.86,1.88,1.65,1.65,1.58,1.44,1.54,1.48,1.85,1.51,1.39,1.27,1.38,0,0,0,0,0,0,0,0,0,0,0,0,0,0,0,0,0,0,0,0,0,0,0,0,0
SDN,Sudan,47917402,5,10,9.4,9.32,8.85,8.54,9.37,8.89,8.58,8.9,10.01,9.58,9.52,8.76,10.34,9.97,9.73,8.36,9.79,9.4,10.02,11.38,9.82,9.84,9.7,11.43,10.18,0.43,0.42,0.38,0.35,0.43,0.38,0.35,0.38,0.49,0.45,0.44,0.37,0.52,0.49,0.46,0.33,0.47,0.43,0.49,0.63,0.47,0.47,0.46,0.63,0.51,0,0,0,0,0,0,0,0,0,0,0,0,0.03,0,0,0,0,0,0,0.14,0,0,0,0.14,0.02
SUR,Suriname,648424,5,NA,4.52,5.18,5.19,7.21,6.39,6.84,7.06,7.25,7.09,6.32,7.62,6.9,6.82,6.33,6.38,5.52,5.25,5.35,5.63,5.38,5.46,5.68,5.45,5.84,6.05,0,0.02,0.02,0.22,0.14,0.18,0.2,0.22,0.2,0.13,0.26,0.19,0.18,0.13,0.14,0.05,0.02,0.03,0.06,0.04,0.05,0.07,0.04,0.08,0.1,NA,NA,NA,NA,NA,NA,NA,NA,NA,NA,NA,NA,NA,NA,NA,NA,NA,NA,NA,NA,NA,NA,NA,NA,NA
SJM,Svalbard and Jan Mayen,NA,5,NA,NA,NA,NA,NA,NA,NA,NA,NA,NA,NA,NA,NA,NA,NA,NA,NA,NA,NA,NA,NA,NA,NA,NA,NA,NA,NA,NA,NA,NA,NA,NA,NA,NA,NA,NA,NA,NA,NA,NA,NA,NA,NA,NA,NA,NA,NA,NA,NA,NA,NA,NA,NA,NA,NA,NA,NA,NA,NA,NA,NA,NA,NA,NA,NA,NA,NA,NA,NA,NA,NA,NA,NA,NA,NA,NA
SWZ,Swaziland,1128252,5,NA,22.8,18.29,18.16,16.89,15.87,14.08,16.29,17.59,15.27,17.02,15.89,15.58,18.5,15.47,16.26,15.29,14.23,15.16,13.39,14.28,14.45,16.06,14.46,15.81,16.38,1.74,1.3,1.29,1.17,1.07,0.89,1.11,1.23,1.01,1.18,1.07,1.04,1.32,1.03,1.1,1.01,0.9,1,0.82,0.91,0.93,1.08,0.93,1.06,1.12,NA,NA,NA,NA,NA,NA,NA,NA,NA,NA,NA,NA,NA,NA,NA,NA,NA,NA,NA,NA,NA,NA,NA,NA,NA
SWE,Sweden,10325597,5,10,7.79,8.02,7.71,7.16,7.86,8.11,7.15,7.56,8.17,6.66,6.95,6.8,7.04,7.33,5.99,5.58,7.04,5.38,5.32,5.03,5.87,5.22,4.68,5.34,4.86,0.27,0.3,0.27,0.21,0.28,0.3,0.21,0.25,0.31,0.16,0.19,0.18,0.2,0.23,0.1,0.06,0.2,0.04,0.03,0,0.09,0.02,0,0.03,0,0,0,0,0,0,0,0,0,0,0,0,0,0,0,0,0,0,0,0,0,0,0,0,0,0
CHE,Switzerland,8516489,5,10,14.09,14.61,13.88,14.59,15.18,16.1,12.41,13.5,13.35,11.98,12.2,13.71,14.14,13.96,11.63,12.46,9.49,10.84,10,9.76,9.84,8.13,8.15,8.61,8.73,0.89,0.94,0.87,0.94,1,1.09,0.73,0.83,0.82,0.68,0.71,0.85,0.9,0.88,0.65,0.73,0.44,0.57,0.49,0.47,0.47,0.31,0.31,0.35,0.37,0.4,0.45,0.38,0.45,0.51,0.6,0.24,0.34,0.33,0.19,0.22,0.36,0.41,0.39,0.16,0.24,0,0.08,0,0,0,0,0,0,0
SYR,Syria,21321486,5,NA,17.64,19.7,20.56,18.9,16.84,17.03,15.84,17.91,17.71,18.47,17.75,19.76,17.69,21.16,22.97,20.65,18.92,20.39,18.62,20.21,19.59,19.2,20.18,19.12,22.82,1.24,1.44,1.52,1.36,1.16,1.18,1.06,1.27,1.25,1.32,1.25,1.45,1.24,1.58,1.76,1.53,1.36,1.51,1.33,1.49,1.43,1.39,1.49,1.38,1.75,NA,NA,NA,NA,NA,NA,NA,NA,NA,NA,NA,NA,NA,NA,NA,NA,NA,NA,NA,NA,NA,NA,NA,NA,NA
TWN,Taiwan,23479671,5,NA,17,16.01,21.15,21.64,21.76,21.97,23.3,23.66,24.14,23.99,22.73,22.29,23.68,21.31,19.76,18.98,22.27,19.86,18.15,18.88,17.01,15.97,14.66,16.34,17.29,1.18,1.08,1.58,1.63,1.64,1.66,1.79,1.83,1.88,1.86,1.74,1.69,1.83,1.6,1.45,1.37,1.69,1.46,1.29,1.36,1.18,1.08,0.95,1.11,1.2,NA,NA,NA,NA,NA,NA,NA,NA,NA,NA,NA,NA,NA,NA,NA,NA,NA,NA,NA,NA,NA,NA,NA,NA,NA
TJK,Tajikistan,9100311,5,NA,11.91,11.27,12.05,12.54,13.3,13.71,12.37,14.74,14.74,14.8,14.99,15.74,15.22,17.5,16.05,13.38,14.8,14.39,15.22,16.32,14.67,16.21,18.05,16.85,17.08,0.68,0.61,0.69,0.74,0.81,0.85,0.72,0.95,0.95,0.96,0.98,1.05,1,1.23,1.08,0.82,0.96,0.92,1,1.11,0.95,1.1,1.28,1.16,1.18,NA,NA,NA,NA,NA,NA,NA,NA,NA,NA,NA,NA,NA,NA,NA,NA,NA,NA,NA,NA,NA,NA,NA,NA,NA
TZA,Tanzania,63482296,5,NA,14.24,10.75,14.02,21.17,16.53,17.73,18.07,19.83,17.37,22.27,19.74,18.71,19.57,20.37,19.4,19.16,16.82,17.39,17.09,14.89,16.24,18.58,18.75,17.22,18.17,0.91,0.56,0.88,1.58,1.13,1.25,1.28,1.45,1.21,1.69,1.44,1.34,1.43,1.51,1.41,1.39,1.16,1.21,1.18,0.97,1.1,1.33,1.35,1.2,1.29,NA,NA,NA,NA,NA,NA,NA,NA,NA,NA,NA,NA,NA,NA,NA,NA,NA,NA,NA,NA,NA,NA,NA,NA,NA
THA,Thailand,69398464,5,15,19.57,17.41,19.3,20.02,21.42,21.95,24.57,24.86,23.21,26.19,24.65,23.5,24.25,25.2,23.12,25.09,23.67,21.83,23.87,20.96,21.85,21.95,23.48,22.38,21.15,1.43,1.22,1.4,1.47,1.61,1.66,1.92,1.95,1.78,2.08,1.93,1.81,1.89,1.98,1.78,1.97,1.83,1.65,1.85,1.56,1.65,1.66,1.81,1.7,1.58,0.45,0.24,0.42,0.49,0.63,0.68,0.94,0.97,0.8,1.1,0.95,0.83,0.91,1,0.8,0.99,0.85,0.67,0.87,0.58,0.67,0.68,0.83,0.72,0.6
TLS,Timor-Leste,1422731,5,NA,8.12,9.49,9.33,10.92,9.49,8.71,10.14,9.34,9.9,11.64,11.2,11.92,11.39,14.36,13.14,9.67,11.61,10.71,10.03,10.59,10.97,10.94,9.22,10.77,10.96,0.31,0.44,0.42,0.58,0.44,0.36,0.5,0.43,0.48,0.65,0.61,0.68,0.63,0.92,0.8,0.46,0.65,0.56,0.49,0.55,0.59,0.58,0.41,0.57,0.58,NA,NA,NA,NA,NA,NA,NA,NA,NA,NA,NA,NA,NA,NA,NA,NA,NA,NA,NA,NA,NA,NA,NA,NA,NA
TGO,Togo,8492314,5,NA,14.21,13,15.94,16.63,15.91,16.33,17.87,18.56,16.16,17.81,17.89,16.53,16.69,16.74,16.05,14.71,14.35,16.35,16.15,15.84,15.52,15.68,17.48,15.67,15.64,0.9,0.78,1.07,1.14,1.07,1.11,1.26,1.33,1.09,1.26,1.26,1.13,1.15,1.15,1.08,0.95,0.92,1.11,1.09,1.06,1.03,1.05,1.22,1.05,1.04,NA,NA,NA,NA,NA,NA,NA,NA,NA,NA,NA,NA,NA,NA,NA,NA,NA,NA,NA,NA,NA,NA,NA,NA,NA
TKL,Tokelau,520,5,NA,1.17,1.41,1.67,1.78,2.09,2.07,1.5,2.05,2.06,2.09,1.5,1.7,1.62,1.3,1.63,1.71,1.97,1.78,1.88,1.57,1.68,1.8,1.8,1.32,1.61,0,0,0,0,0,0,0,0,0,0,0,0,0,0,0,0,0,0,0,0,0,0,0,0,0,NA,NA,NA,NA,NA,NA,NA,NA,NA,NA,NA,NA,NA,NA,NA,NA,NA,NA,NA,NA,NA,NA,NA,NA,NA
TON,Tonga,96190,5,NA,1.17,1.47,1.71,1.39,1.57,1.28,1.8,1.59,1.67,1.48,2.7,1.69,1.49,1.47,1.56,1.65,1.47,1.5,1.29,1.89,1.59,1.47,1.5,1.76,1.98,0,0,0,0,0,0,0,0,0,0,0,0,0,0,0,0,0,0,0,0,0,0,0,0,0,NA,NA,NA,NA,NA,NA,NA,NA,NA,NA,NA,NA,NA,NA,NA,NA,NA,NA,NA,NA,NA,NA,NA,NA,NA
TTO,Trinidad and Tobago,1392155,5,15,3.1,3.99,3.18,4.37,3.53,3.92,3.83,4.34,4.19,3.88,4.3,3.9,5.75,3.96,4,3.73,3.2,3.24,4.01,4.18,3.56,4.22,4.01,3.7,3.9,0,0,0,0,0,0,0,0,0,0,0,0,0.07,0,0,0,0,0,0,0,0,0,0,0,0,0,0,0,0,0,0,0,0,0,0,0,0,0,0,0,0,0,0,0,0,0,0,0,0,0
TUN,Tunisia,11804434,5,NA,11.1,9.26,10.84,9.65,9.17,11.65,7.76,10.79,9.98,8.8,8.23,8.94,6.59,10.58,9.05,8.77,6.91,10.39,7.66,9.23,8.18,7.9,8.67,8.36,10.18,0.6,0.42,0.57,0.46,0.41,0.65,0.27,0.57,0.49,0.37,0.32,0.39,0.16,0.55,0.4,0.37,0.19,0.53,0.26,0.41,0.31,0.28,0.36,0.33,0.51,NA,NA,NA,NA,NA,NA,NA,NA,NA,NA,NA,NA,NA,NA,NA,NA,NA,NA,NA,NA,NA,NA,NA,NA,NA
TUR,Turkey,82471080,5,NA,18.11,17.76,19.49,18.61,19,18.26,16.3,17.48,18.99,18.96,17.48,18.66,16.35,21.68,21.93,20.58,20.35,21.46,19.36,21.55,19.98,19.69,20.02,19.12,21.1,1.28,1.25,1.42,1.33,1.37,1.3,1.11,1.22,1.37,1.37,1.22,1.34,1.11,1.63,1.66,1.53,1.5,1.61,1.41,1.62,1.47,1.44,1.47,1.38,1.58,NA,NA,NA,NA,NA,NA,NA,NA,NA,NA,NA,NA,NA,NA,NA,NA,NA,NA,NA,NA,NA,NA,NA,NA,NA
TKM,Turkmenistan,5610753,5,NA,9.49,8.04,7.44,7.5,7.9,7.72,7.53,9.05,8.69,8.29,11.23,8.27,8.97,11.06,11.2,7.72,8.61,8.17,7.86,9.42,8.55,9.58,9.75,9.72,10.38,0.44,0.3,0.24,0.24,0.28,0.27,0.25,0.4,0.36,0.32,0.61,0.32,0.39,0.59,0.61,0.27,0.35,0.31,0.28,0.43,0.35,0.45,0.47,0.46,0.53,NA,NA,NA,NA,NA,NA,NA,NA,NA,NA,NA,NA,NA,NA,NA,NA,NA,NA,NA,NA,NA,NA,NA,NA,NA
TCA,Turks and Caicos Islands,53341,5,NA,4.84,4.67,3.88,3.93,3.25,3,3.18,4.05,3.9,3.67,2.49,2.74,3.5,2.74,2.93,2.43,2.3,2.53,2.55,2.88,2.63,2.98,2.67,3.48,2.66,0,0,0,0,0,0,0,0,0,0,0,0,0,0,0,0,0,0,0,0,0,0,0,0,0,NA,NA,NA,NA,NA,NA,NA,NA,NA,NA,NA,NA,NA,NA,NA,NA,NA,NA,NA,NA,NA,NA,NA,NA,NA
TUV,Tuvalu,5993,5,NA,1.12,1.12,1.3,1.36,1.7,1.76,1.45,1.68,1.58,1.83,1.31,1.72,1.65,1.16,1.57,1.76,2.07,1.97,1.97,1.46,1.78,2.03,1.74,1.38,1.56,0,0,0,0,0,0,0,0,0,0,0,0,0,0,0,0,0,0,0,0,0,0,0,0,0,NA,NA,NA,NA,NA,NA,NA,NA,NA,NA,NA,NA,NA,NA,NA,NA,NA,NA,NA,NA,NA,NA,NA,NA,NA
UGA,Uganda,46038830,5,25,22.63,15.42,25.61,32.15,27.48,27.67,27.66,28.33,25.59,31.75,28.72,26.35,29.83,30.52,29.16,30.8,26.84,27.14,28.22,24.2,24.29,29.45,29.82,28.23,27.81,1.73,1.02,2.02,2.66,2.2,2.22,2.22,2.29,2.02,2.62,2.32,2.09,2.43,2.5,2.37,2.53,2.14,2.17,2.28,1.88,1.89,2.4,2.43,2.28,2.24,0,0,0.06,0.7,0.24,0.26,0.26,0.33,0.06,0.66,0.36,0.13,0.47,0.54,0.41,0.57,0.18,0.21,0.32,0,0,0.44,0.47,0.32,0.28
UKR,Ukraine,43430262,5,25,19.21,18.77,17.18,18.58,21.17,17.82,17.22,17.8,18.84,15.82,16.27,17.48,16.61,17.63,17.04,16.4,15.79,15,14.78,15.59,14.13,13.96,13.21,13.34,10.81,1.39,1.35,1.19,1.33,1.58,1.26,1.2,1.25,1.36,1.06,1.1,1.22,1.14,1.24,1.18,1.12,1.06,0.98,0.96,1.04,0.89,0.88,0.8,0.82,0.57,0,0,0,0,0,0,0,0,0,0,0,0,0,0,0,0,0,0,0,0,0,0,0,0,0
ARE,United Arab Emirates,9842766,5,NA,11.89,11.57,14.77,12.56,13.65,11.83,10.46,11.79,14.69,12.65,14.66,16.18,15.6,15.28,17.78,16,15.62,14.43,15.41,15.45,15.45,16.09,12.17,14.51,20.71,0.68,0.64,0.96,0.74,0.85,0.67,0.54,0.67,0.95,0.75,0.95,1.1,1.04,1.01,1.25,1.08,1.04,0.92,1.02,1.02,1.02,1.09,0.7,0.93,1.54,NA,NA,NA,NA,NA,NA,NA,NA,NA,NA,NA,NA,NA,NA,NA,NA,NA,NA,NA,NA,NA,NA,NA,NA,NA
GBR,United Kingdom,67517941,5,20,12.08,10.78,10.85,11.46,11.27,12.98,10.21,10.43,10.58,10.45,9.91,10.29,11.35,11.29,9.78,10.92,10.38,8.8,9.22,8.93,9.16,8.73,7.85,8.79,8.28,0.69,0.57,0.57,0.63,0.61,0.78,0.51,0.53,0.55,0.53,0.48,0.52,0.62,0.62,0.47,0.58,0.53,0.37,0.41,0.39,0.41,0.37,0.28,0.37,0.32,0,0,0,0,0,0,0,0,0,0,0,0,0,0,0,0,0,0,0,0,0,0,0,0,0
USA,United States,336069291,5,9,12.57,12.29,12.2,11.88,11.6,11.3,10.9,11.8,10.53,10.85,9.87,8.93,8.87,8.98,8.21,7.99,7.93,7.57,6.93,7.23,7.32,6.84,7.26,7.77,6.91,0.74,0.71,0.71,0.67,0.65,0.62,0.58,0.67,0.54,0.57,0.48,0.39,0.38,0.39,0.31,0.29,0.29,0.25,0.19,0.22,0.23,0.18,0.22,0.27,0.19,0.35,0.32,0.31,0.28,0.25,0.23,0.19,0.27,0.15,0.18,0.09,0,0,0,0,0,0,0,0,0,0,0,0,0,0
UMI,United States Minor Outlying Islands,40,5,NA,2.5,2.3,2.6,2.3,2.8,2.6,2.9,3.1,2.8,2.7,3.4,3.2,3.2,2.9,2.9,3.8,4,3.8,3.6,3.9,3.5,3.2,2.8,2.6,3.2,0,0,0,0,0,0,0,0,0,0,0,0,0,0,0,0,0,0,0,0,0,0,0,0,0,NA,NA,NA,NA,NA,NA,NA,NA,NA,NA,NA,NA,NA,NA,NA,NA,NA,NA,NA,NA,NA,NA,NA,NA,NA
URY,Uruguay,3389313,5,NA,8.05,8.75,8.9,9.24,9.63,9.25,8.53,8.56,9.49,9.44,9.32,8.8,8.18,8.49,9.01,8.83,9.16,8.33,8.17,8.56,8.31,8.68,8.82,8.41,9.08,0.3,0.37,0.38,0.42,0.45,0.42,0.35,0.35,0.44,0.44,0.42,0.37,0.31,0.34,0.39,0.38,0.41,0.33,0.31,0.35,0.32,0.36,0.37,0.33,0.4,NA,NA,NA,NA,NA,NA,NA,NA,NA,NA,NA,NA,NA,NA,NA,NA,NA,NA,NA,NA,NA,NA,NA,NA,NA
UZB,Uzbekistan,31254931,5,NA,15.21,13.28,14.7,14.25,14.95,15.47,14.91,16.95,15.89,16.52,17.12,18.07,16.97,19.29,19.98,15.8,16.83,16.33,17.07,18.46,17.35,18.76,20.07,18.26,18.64,1,0.81,0.95,0.91,0.98,1.03,0.97,1.17,1.07,1.13,1.19,1.28,1.17,1.4,1.47,1.06,1.16,1.11,1.18,1.32,1.21,1.35,1.48,1.3,1.34,NA,NA,NA,NA,NA,NA,NA,NA,NA,NA,NA,NA,NA,NA,NA,NA,NA,NA,NA,NA,NA,NA,NA,NA,NA
VUT,Vanuatu,271111,5,NA,2.74,3.14,4.42,4.48,3.96,3.94,3.94,4.09,3.64,4.72,5.04,4.6,4.89,5.02,4.86,5.57,4.96,4.81,5.12,6.09,5.66,4.62,3.79,4.23,5.12,0,0,0,0,0,0,0,0,0,0,0,0,0,0,0,0.06,0,0,0.01,0.11,0.06,0,0,0,0.01,NA,NA,NA,NA,NA,NA,NA,NA,NA,NA,NA,NA,NA,NA,NA,NA,NA,NA,NA,NA,NA,NA,NA,NA,NA
VAT,Vatican City,1000,5,NA,16.9,16.3,17,15.1,16,17.6,13.7,15.8,19,16.9,14.7,13.8,13.3,16.9,15.3,15.1,10.8,14.8,12,13.4,10.7,10.3,12.3,10.8,11.1,1.17,1.11,1.18,0.99,1.08,1.23,0.85,1.06,1.37,1.17,0.95,0.86,0.81,1.17,1.01,0.99,0.57,0.96,0.69,0.82,0.56,0.52,0.72,0.57,0.6,NA,NA,NA,NA,NA,NA,NA,NA,NA,NA,NA,NA,NA,NA,NA,NA,NA,NA,NA,NA,NA,NA,NA,NA,NA
VEN,Venezuela,29591564,5,NA,8.34,8.46,10.54,14.5,12.77,16.27,14.03,15.71,14.31,13.61,14.37,12.73,18.19,15.94,14.12,13.31,12.4,13.12,15.62,14.73,13.29,14.24,12.72,10.89,11.96,0.33,0.34,0.54,0.93,0.76,1.1,0.88,1.05,0.91,0.84,0.92,0.76,1.29,1.07,0.89,0.81,0.73,0.8,1.04,0.95,0.81,0.91,0.76,0.58,0.68,NA,NA,NA,NA,NA,NA,NA,NA,NA,NA,NA,NA,NA,NA,NA,NA,NA,NA,NA,NA,NA,NA,NA,NA,NA
VNM,Vietnam,103500052,5,25,18.21,17.01,19.97,22.83,22.11,24.04,27.12,27.68,28.64,30.7,30.41,28.38,28.96,30.32,28.1,28.71,28.02,25.8,26.66,26.59,24.8,26.42,24.64,24.68,23.58,1.29,1.18,1.47,1.75,1.68,1.87,2.17,2.22,2.32,2.52,2.49,2.29,2.35,2.48,2.26,2.32,2.26,2.04,2.12,2.12,1.94,2.1,1.92,1.93,1.82,0,0,0,0,0,0,0.21,0.26,0.36,0.56,0.53,0.33,0.39,0.52,0.3,0.36,0.3,0.08,0.16,0.16,0,0.14,0,0,0
VIR,Virgin Islands U.S.,81176,5,9,1.95,2.65,2.1,2.15,1.75,1.95,1.69,2.44,2.49,2.19,1.85,2.09,3,1.89,2.15,1.9,1.99,1.85,2.09,2.59,2.09,2.14,2.24,2.34,1.75,0,0,0,0,0,0,0,0,0,0,0,0,0,0,0,0,0,0,0,0,0,0,0,0,0,0,0,0,0,0,0,0,0,0,0,0,0,0,0,0,0,0,0,0,0,0,0,0,0,0
WLF,Wallis and Futuna,13063,5,NA,0.93,1.16,1.46,1.32,1.43,1.43,1.45,1.72,1.62,1.62,1.59,1.58,1.56,1.36,1.66,1.56,1.62,1.92,1.64,1.76,1.63,1.52,1.62,1.35,1.85,0,0,0,0,0,0,0,0,0,0,0,0,0,0,0,0,0,0,0,0,0,0,0,0,0,NA,NA,NA,NA,NA,NA,NA,NA,NA,NA,NA,NA,NA,NA,NA,NA,NA,NA,NA,NA,NA,NA,NA,NA,NA
ESH,Western Sahara,649596,5,NA,5.3,6.79,4.91,5.23,5.22,5.01,4.55,4.66,4.43,5.13,3.93,3.86,3.49,3.68,3.31,3.59,4.34,3.44,3.89,3.74,5.74,4.56,3.8,4.87,4.84,0.03,0.18,0,0.02,0.02,0,0,0,0,0.01,0,0,0,0,0,0,0,0,0,0,0.07,0,0,0,0,NA,NA,NA,NA,NA,NA,NA,NA,NA,NA,NA,NA,NA,NA,NA,NA,NA,NA,NA,NA,NA,NA,NA,NA,NA
YEM,Yemen,30898308,5,NA,11.38,13.72,14.03,11.89,13.55,13.08,12.87,13.35,15.05,15.66,14.25,14.53,17.24,18.83,16.48,15.96,16.6,17.4,16.39,16.9,17.48,17.92,15.44,15.38,16.76,0.63,0.85,0.88,0.68,0.84,0.79,0.77,0.82,0.98,1.04,0.91,0.93,1.2,1.36,1.13,1.07,1.14,1.22,1.12,1.17,1.22,1.27,1.02,1.02,1.15,NA,NA,NA,NA,NA,NA,NA,NA,NA,NA,NA,NA,NA,NA,NA,NA,NA,NA,NA,NA,NA,NA,NA,NA,NA
ZMB,Zambia,19648981,5,NA,15.34,12.34,15.63,23.71,22.19,21.61,19.76,23.09,20.07,22.46,22.69,21.43,22.99,21.09,21.6,20.67,19.17,21.32,19.93,18.48,19.88,20.82,18.14,18.43,22.18,1.01,0.72,1.04,1.83,1.68,1.63,1.45,1.77,1.48,1.71,1.73,1.61,1.76,1.58,1.63,1.54,1.39,1.6,1.46,1.32,1.46,1.55,1.29,1.32,1.68,NA,NA,NA,NA,NA,NA,NA,NA,NA,NA,NA,NA,NA,NA,NA,NA,NA,NA,NA,NA,NA,NA,NA,NA,NA
ZWE,Zimbabwe,15096699,5,NA,17.09,12.61,12.6,20.46,16.79,18.45,15.63,19.51,16.22,19.14,17.95,16.24,18.7,15.32,16.9,15.86,13.9,16.55,14.54,14.15,16.67,15.15,12.28,13.92,15.97,1.18,0.75,0.74,1.52,1.16,1.32,1.04,1.42,1.1,1.39,1.27,1.1,1.34,1.01,1.17,1.06,0.87,1.13,0.93,0.9,1.14,0.99,0.71,0.87,1.08,NA,NA,NA,NA,NA,NA,NA,NA,NA,NA,NA,NA,NA,NA,NA,NA,NA,NA,NA,NA,NA,NA,NA,NA,NA
